sentence_english,sentence_marathi,sentence_hindi,intent
Unable to Make Calls,कॉल करायला होत नाही,कॉल नहीं कर पा रहा हूँ,check volte compatability v2
please fix call problem,कॉल प्रॉब्लेम फिक्स करा प्लीज़,कॉल प्रॉब्लम को फिक्स करें प्लीज,check volte compatability v2
outgoing calls aren't working on my smartphone,माझ्या स्मार्टफोनवर आउटगोइंग कॉल काम करत नाही,आउटगोइंग कॉल काम नहीं कर रहा है मेरे स्मार्टफ़ोन पर,check volte compatability v2
My voice calling is not responding,माझा वॉइसकॉलिंग रिस्पॉन्ड देत नाही,मेरी वॉयस कॉलिंग रेस्पोंद नहीं कर रहा है,check volte compatability v2
my call not going through,जात नाही माझा कॉल,मेरे कॉल नहीं लग रहा,check volte compatability v2
issue with outgoing calls on the smartphone,स्मार्टफोनवर आउटगोइंग कॉलचा इशू,आउटगोइंग कॉल लगने में इशू स्मार्टफोन पर,check volte compatability v2
i can't make calls from this mobile phone,मी या मोबाइल फोनवरून कॉल करू शकत नाही,मैं इस मोबाइल फोन से कॉल नहीं लगा पा रहा हूँ,check volte compatability v2
frequent call disconnection issue,फ्रीक्वन्ट कॉल डिस्कनेक्शनचा इशू,बार बार कॉल डिस्कनेक्शन का इशू,check volte compatability v2
failed outgoing calls on my smartphone,माझ्या स्मार्टफोनवर आउटगोइंग कॉल फेल झाला,आउटगोइंग कॉल फ़ैल हो गया मेरे स्मार्टफोन पर,check volte compatability v2
fail to call from my number,माझ्या नंबरवरुन कॉल फेल झाला,मेरे नंबर से कॉल लगाना फ़ैल हो रहा है,check volte compatability v2
facing issue in calls connecting,इशू आला कॉल कनेक्टिंगमध्ये,कॉल कनेक्ट करने में इशू रहा है,check volte compatability v2
can't place voice calls,वॉइस कॉल करू शकत नाही,वॉइस कॉल नहीं लगा पा रहा हूँ,check volte compatability v2
cannot place calls to other numbers,दुसऱ्या नंबरवर कॉल करू शकत नाही,दूसरे नंबरों पर कॉल नहीं लगा पा रहा हूँ,check volte compatability v2
calls to other numbers aren't going through,दुसऱ्या नंबरवर कॉल करता येत नाही,कॉल नहीं जा रहा है दूसरे नंबरों पर,check volte compatability v2
calling isn't working on my smartphone,माझ्या स्मार्टफोनवर कॉलिंग काम करत नाही,कॉलिंग काम नहीं कर रहा मेरे स्मार्टफ़ोन पर,check volte compatability v2
calling does not work on mobile,मोबाइलवर कॉलिंग चालत नाही,मोबाइल पर कॉलिंग काम नहीं कर रहा है,check volte compatability v2
call connection issue,कॉल कनेक्शनचा इशू,कॉल कनेक्शन इशू,check volte compatability v2
call quality is poor,कॉलची क्वालिटी खराब आहे,कॉल की क्वॉलिटी खराब है,check volte compatability v2
call connection problem,कॉल कनेक्शनचा प्रॉब्लेम,कॉल कनेक्शन का प्रॉब्लम,check volte compatability v2
some call networking issue,काही कॉल नेटवर्किंगचा इशू,कोई कॉल नेटवर्किंग इशू,check volte compatability v2
why is calling not working on my mobile,माझ्या मोबाइलवर कॉलिंग का काम करत नाही,क्यों मेरे मोबाइल पर कॉलिंग काम नहीं कर रहा है,check volte compatability v2
why can i not make calls on my mobile,मी माझ्या मोबाइलवर कॉल का करू शकत नाही,क्यों मैं अपने मोबाइल पर कॉल नहीं कर पा रहा हूं,check volte compatability v2
there is an issue regarding calling,कॉलिंग करताना एक इशू आहे,कॉल करने में इशू आ रहा है,check volte compatability v2
sometimes i experience call failures,कधीकधी माझा कॉल फेल्यर होतो,कभी-कभी कॉल फ़ैल हो जाता है,check volte compatability v2
my smartphone does not make voice calls,माझा स्मार्टफोन वॉइस कॉल करत नाही,मेरा स्मार्टफोन वॉयस कॉल नहीं कर सकता है,check volte compatability v2
problem with calls on the smartphone,स्मार्टफोनवर कॉल्स करताना प्रॉब्लेम,स्मार्टफोन पर कॉल करने पर प्रोब्लेम्स,check volte compatability v2
call failure,कॉल फेल्यर,कॉल फेलियर,check volte compatability v2
failing to make calls,कॉल्स करण्यात अयशस्वी,कॉल करने में फेल हुआ,check volte compatability v2
facing problems while connecting calls,कॉल्स कनेक्ट करताना प्रॉब्लेम्स येत आहेत,कॉल कनेक्ट करने में प्रॉब्लम आ रहा है,check volte compatability v2
calls drop everyday,दररोज कॉल ड्रॉप होतो,हर दिन कॉल ड्रॉप होता है,check volte compatability v2
trouble in making calls,कॉल करताना त्रास होतो,परेशानी कॉल करने में,check volte compatability v2
observing call failures,कॉल फेल्यर्स  पाहणे,कॉल फेल्यर्स देख रहा हूँ,check volte compatability v2
my calling service not working,माझा कॉलिंग सर्विस काम करत नाही,काम नहीं कर रही है मेरा कॉलिंग सर्विस,check volte compatability v2
my call got decline,माझा कॉल डिक्लाइन झाला,मेरे कॉल डिक्लाइन हुआ,check volte compatability v2
my call failed,माझा कॉल फेल झाला,मेरी कॉल फ़ैल हुआ,check volte compatability v2
my call connection failed,माझा कॉल कनेक्शन फेल झाला,मेरा कॉल कनेक्शन फ़ैल हो गया,check volte compatability v2
jio calling problem,जिओ कॉलिंगचा प्रॉब्लेम,जियो का कॉलिंग प्रॉब्लम,check volte compatability v2
jio call failed,जिओचा कॉल फेल झाला,जियो कॉल फ़ैल हुआ,check volte compatability v2
i am still not able to make any calls,मी आतासुद्धा कोणतेही कॉल्स करू शकत नाही,मैं अभी तक कोई भी कॉल नहीं कर पा रहा हूँ,check volte compatability v2
i have issues in calling landline numbers,मला लँडलाईन नंबरवर कॉल करण्यात इशूज आहेत,लैंडलाइन नंबर पर कॉल करने पर इश्यूज आ रहे हैं,check volte compatability v2
i cant call to anyone from my jionumber,कोणालाही कॉल करू शकत नाही मी माझ्या जिओ नंबरवरून,मैं अपने जियो नंबर से किसी को भी कॉल नहीं लगा सकता,check volte compatability v2
i am not happy with call failures,मी कॉल फेल्यर्समुळे खुश नाही,मैं कॉल फेल्यर्स से बिलकुल खुश नहीं हूं,check volte compatability v2
i am facing call drop issues,मला कॉल ड्रॉपच्या इशूज येत आहे,मुझे कॉल ड्रॉप इश्यूज आ रहे हैं,check volte compatability v2
i am experiencing call failures,मला कॉल फेल्यर्स येतात,मुझे कॉल फेल्यर्स आ रहे हैं,check volte compatability v2
i can't call to anyone from my jionumber,मी माझ्या जिओ नंबरवरून कोणालाही कॉल करू शकत नाही,मैं अपने जियो नंबर से किसी को कॉल नहीं लगा पा रहा हूँ,check volte compatability v2
failed voice calls,फेल्ड वॉइस कॉल्स,फेल्ड वौइस् कॉल्स,check volte compatability v2
failed calls on my smartphone,माझ्या स्मार्टफोनवर फेल्ड कॉल्स,फेल्ड कॉल्स मेरे स्मार्टफोन पर,check volte compatability v2
failed calls on my phone,माझ्या फोनवर फेल्ड कॉल्स,फेल्ड कॉल्स मेरे फोन पर,check volte compatability v2
voice calls fail on my phone,माझ्या फोनवर वॉइस कॉल्स फेल होतात,मेरे फोन पर वॉइस कॉल फेल हो जाता है,check volte compatability v2
voice calls fail,वॉइस कॉल्स फेल,वॉइस कॉल्स फेल,check volte compatability v2
calls fail,कॉल्स फेल,कॉल्स फेल,check volte compatability v2
can't call,कॉल करू शकत नाही,कॉल नहीं कर सकता,check volte compatability v2
abnormal calling issue,ऍबनॉर्मल कॉलिंग इशू,ऐब्नॉर्मल कॉलिंग इशू,check volte compatability v2
poor voice call quality,खराब वॉइस कॉल क्वालिटी,वॉइस कॉल क्वालिटी बहुत ख़राब,check volte compatability v2
frequent voice call disconnection issue,फ्रीक्वन्ट वॉइस कॉल डिस्कनेक्शनचा इशू,बार बार वॉइस कॉल डिस्कनेक्शन इशू,check volte compatability v2
there is an issue with calling,कॉल करताना एक इशू आहे,कॉल करने पर इशू है,check volte compatability v2
facing frequent call connection issue,फ्रीक्वन्ट कॉल कनेक्शनचा इशू येतो आहे,बार बार कॉल कनेक्शन इशू आ रहा है,check volte compatability v2
I cant make calls from this number,मी या नंबरवरून कॉल नाही करू शकत,मैं इस नंबर से कॉल नहीं कर पा रहा,check volte compatability v2
My calls are failing,माझे कॉल फेल होत आहेत,मेरे कॉल फेल हो रहे हैं,check volte compatability v2
call facility not working,कॉलची फसिलिटी काम नाही करत,कॉल फैसिलिटी नहीं चल रहा है,check volte compatability v2
Check my account status,माझा अकाउंट स्टेटस चेक करा,मेरा अकाउंट स्टेटस चेक कीजिये,check account status v2
Where do i get my account status,मला माझा अकाउंट स्टेटस कुठे मिळेल,मुझे मेरा अकाउंट स्टेटस कहां मिलेगा,check account status v2
How can i get my account status,मला माझा अकाउंट स्टेटस कसा मिळेल,मैं अपना अकाउंट स्टेटस कैसे पा सकता हूं,check account status v2
Check Account Status,अकाउंट स्टेटस चेक करा,चेक अकाउंट स्टेटस,check account status v2
jio connection status,जिओ कनेक्शन स्टेटस,जियो कनेक्शन स्टेटस,check account status v2
whats the status of my number,माझ्या नंबरचा स्टेटस काय आहे,मेरे नंबर का स्टेटस क्या है,check account status v2
how is my account status,माझ्या अकाउंटचा स्टेटस कसा आहे,मेरा अकाउंट स्टेटस कैसा है,check account status v2
do my number check,माझा नंबर चेक करा,मेरा नंबर चेक कीजिये,check account status v2
check myjio account,माझा जिओ अकाउंट चेक करा,मेरा जियोअकाउंट चेक करिये,check account status v2
account check,अकाउंट चेक करा,आकउंट चेक,check account status v2
check number,चेक करा नंबर,नंबर चेक करिये,check account status v2
my account issue,माझ्या अकाउंटचा इशू,मेरा अकाउंट का इशू,check account status v2
i have an issue regarding my reliance number,माझ्या रिलायन्स नंबर बरोबर मला एक इशू आहे,मेरे रिलायंस नंबर पर मुझे इशू है,check account status v2
check myjio connection,माझा जिओ कनेक्शन चेक करा,माय जियो कनेक्शन चेक कीजिये,check account status v2
is myjio account ok,माझा जिओ अकाउंट बरोबर आहे का,क्या मेरा जियो अकाउंट बराबर है,check account status v2
is my jio number ok,माझा जिओ नंबर बरोबर आहे का,क्या मेरा जियो नंबर बराबर है,check account status v2
Is airplane mode active,ऐरप्लेन मोड ऐक्टिव आहे का,एयरप्लेन मोड एक्टिव है क्या,check airplane mode v1
Check airplane mode,ऐरप्लेन मोड चेक करा,एयरप्लेन मोड चेक कीजिये,check airplane mode v1
please check if my phone is on airplane mode,कृपया माझा फोन ऐरप्लेन मोडवर आहे का ते चेक करा,प्लीज चेक कीजिये अगर मेरा फोन एयरप्लेन मोड पर है या नहीं,check airplane mode v1
is my phone on airplane mode,माझा फोन ऐरप्लेन मोडवर आहे का,क्या मेरा फोन एयरप्लेन मोड पर है,check airplane mode v1
is airplane mode inactive,ऐरप्लेन मोड इनऐक्टिव आहे का,एयरप्लेन मोड इनएक्टिव है क्या,check airplane mode v1
is airplane mode deactivated,ऐरप्लेन मोड डीऐक्टिवेटिड आहे का,एयरप्लेन मोड डीएक्टिवेटेड है क्या,check airplane mode v1
flight mode status,फ्लाइट मोडचा सट्टूस,फ्लाइट मोड स्टेटस,check airplane mode v1
is flight mode active,फ्लाइट मोड ऐक्टिव आहे का,फ्लाइट मोड एक्टिव है क्या,check airplane mode v1
is my device in airplane mode,माझा डिवाइस आहे ऐरप्लेन मोडमध्ये का,मेरा डिवाइस एयरप्लेन मोड में क्या,check airplane mode v1
let me know if my airplane mode is on,माझा ऐरप्लेन मोड चालू असेल तर मला कळवा,मुझे बता देना अगर मेरा एयरप्लेन मोड चालू है या नहीं,check airplane mode v1
status of my airplane mode,माझ्या ऐरप्लेन मोडची स्टेटस,मेरे एयरप्लेन मोड का स्टेटस,check airplane mode v1
airplane mode status,ऐरप्लेन मोडची स्टेटस,एयरप्लेन मोड का स्टेटस,check airplane mode v1
airplane mode,ऐरप्लेन मोड,एयरप्लेन मोड,check airplane mode v1
internet speed,इंटरनेटची स्पीड,इंटरनेट की स्पीड,check internet speed v1
how do i check my internet speed,मी माझी इंटरनेटची स्पीड कशी तपासू,कैसे चेक करूं मैं अपनी इंटरनेट की स्पीड,check internet speed v1
carry out a speed test,एक स्पीड टेस्ट घ्या,एक स्पीड टेस्ट कीजिये,check internet speed v1
Speed test,स्पीड टेस्ट,स्पीड टेस्ट,check internet speed v1
what is the speed that i'm getting on my phone,माझ्या फोनवर मला किती स्पीड भेटत आहे,मेरे फोन पर क्या स्पीड मिल रही है,check internet speed v1
internet speed on my device,माझ्या डिवाइसवर इंटरनेटची स्पीड,मेरे डिवाइस पर इंटरनेट की स्पीड,check internet speed v1
tell me data speed,मला डेटा स्पीड सांगा,मुझे डेटा की स्पीड बताइए,check internet speed v1
show my speed test,माझा स्पीड टेस्ट दाखवा,मुझे स्पीड टेस्ट दिखाइए,check internet speed v1
download speed and upload speed,डाउनलोड स्पीड आणि अपलोड स्पीड,डाउनलोड स्पीड और अपलोड स्पीड,check internet speed v1
do my speed test,माझा स्पीड टेस्ट करा,मेरा स्पीड टेस्ट कीजिये,check internet speed v1
check my net speed,माझा नेट स्पीड चेक करा,मेरे नेट की स्पीड चेक कीजिये,check internet speed v1
speed check,स्पीड चेक,स्पीड चेक,check internet speed v1
internet speed in jio,जिओ मध्ये इंटरनेटची स्पीड,जियो में इंटरनेट की स्पीड,check internet speed v1
tell me about the speed that i am getting on jionet,मला जिओ नेटवर किती स्पीड भेटते ते सांगा,जियोनेट पर जो स्पीड मुझे मिल रही है उसके बारे में बताइए,check internet speed v1
what is the net speed available to me,मला किती नेट स्पीड अवैलबल आहे,मेरे लिए क्या नेट की स्पीड अवेलेबल है,check internet speed v1
please do speed test,प्लीज़ स्पीड टेस्ट करा,प्लीज स्पीड टेस्ट कीजिये,check internet speed v1
how fast is jio network,जिओ नेटवर्क किती फास्ट आहे,जियो नेटवर्क कितना फास्ट है,check internet speed v1
net speed,नेट स्पीड,नेट की स्पीड,check internet speed v1
jio internet speed,जिओ इंटरनेट स्पीड,जियो इंटरनेट की स्पीड,check internet speed v1
what is the downloading speed of jio,जिओचा डाउनलोड स्पीड काय आहे,क्या है जियो की डाउनलोडिंग स्पीड,check internet speed v1
I'm getting low internet speed on my mobile,माझ्या मोबाइलवर मला कमी इंटरनेट स्पीड मिळत आहे,मेरे मोबाइल पर मुझे इंटरनेट की स्पीड कम मिल रही है,check internet speed v1
"Yes, please!",येस प्लीज़!,"जी हाँ, प्लीज!",check internet speed v1
Check my jio sim,माझा जिओ सिम चेक करा,मेरा जियो सिम चेक कीजिये,check jio sim v1
is my sim functional,माझा सिम फंक्शनल आहे का,क्या मेरा जोयो सिम चल रहा है,check jio sim v1
Is my jio sim working?,माझा जिओ सिम चालतेय का,क्या मेरा जोयो सिम काम कर रहा है?,check jio sim v1
check my sim,माझा सिम चेक करा,मेरा सिम चेक करिये,check jio sim v1
i think my sim is not working,मला वाटते की माझा सिम काम करत नाही,मुझे लगता है कि मेरा सिम काम नहीं कर रहा है,check jio sim v1
check jio sim,चेक करा जिओ सिम,जोयो सिम चेक करें,check jio sim v1
is my sim inserted,माझा सिम घातलेला आहे का,क्या मेरा सिम इन्सर्ट है,check jio sim v1
unable to detect jio sim,जिओ सिम डिटेक्ट होत नाही,जियो सिम डिटेक्ट नहीं हो रहा,check jio sim v1
sim card issue,सिम कार्ड इशू,सिम कार्ड इशू,check jio sim v1
issue with sim card,सिम कार्डसह इशू,सिम कार्ड के साथ इशू,check jio sim v1
i am having issue about my sim card,माझ्या सिमकार्ड बद्दल मला इशू आहे,मेरे सिम कार्ड पर आ रहा है,check jio sim v1
what is status of my voice service,माझ्या वॉइस सर्विसची स्टेटस काय आहे,मेरे वॉइस सर्विस का स्टेटस क्या है,check may voice status v1
voice services are not working,वॉइस सेर्विसिस काम करत नाही,वॉइस सर्च काम नहीं कर रहा है,check may voice status v1
are voice services active on my number,माझ्या नंबरवर वॉइस सेर्विसिस ऐक्टिव आहेत का,मेरे नंबर पर वॉइस सर्विसेस एक्टिव है क्या,check may voice status v1
check voice status,वॉइस स्टेटस चेक करा,वॉइस स्टेटस चेक कीजिये,check may voice status v1
call facilities on jio are not available for my number,जिओवर माझ्या नंबरासाठी कॉल फसिलिटी अवैलबल नाहीत,मेरे नंबर पर जियो के कॉल फैसिलिटीज़ अवेलेबल नहीं हैं,check may voice status v1
call connection issues,कॉल कनेक्शन इशूज,कॉल कनेक्शन के इश्यूज,check may voice status v1
is my calling active,माझा कॉलिंग ऐक्टिव आहे का,क्या मेरा कॉलिंग एक्टिव है,check may voice status v1
is my mobile data connection on,माझा मोबाइल डेटा कनेक्शन चालू आहे का,क्या मेरा मोबाइल डेटा कनेक्शन ऑन है,check mobile data connection v1
Check mobile data connection,मोबाइल डेटा कनेक्शन चेक करा,मेरा मोबाइल डेटा कनेक्शन चेक करें,check mobile data connection v1
Can you please check my data connection for me,आपण माझ्यासाठी माझा डेटा कनेक्शन चेक करू शकता का,क्या आप कृपया मेरा डेटा कनेक्शन चेक कर सकते हैं,check mobile data connection v1
is mobile data switched on my phone,माझ्या फोनवर मोबाइल डेटा स्विच केलेला आहे का,क्या मेरे फोन पर मोबाइल डेटा स्विच ऑन किया गया है,check mobile data connection v1
is my mobile internet connection inactive,माझा मोबाइल इंटरनेट कनेक्शन इनऐक्टिव आहे का,क्या मेरा मोबाइल इंटरनेट कनेक्शन इनएक्टिव है,check mobile data connection v1
is my mobile data active,माझा मोबाइल डेटा ऐक्टिव आहे का,क्या मेरा मोबाइल डेटा एक्टिव है,check mobile data connection v1
check jio signal strength,जिओ सिग्नलचा स्ट्रेंगक्थ चेक करा,जियो सिग्नल का स्ट्रेंथ चेक कीजिये,check signal strength v2
check signal strength,सिग्नलचा स्ट्रेंगक्थ चेक करा,सिग्नल का स्ट्रेंथ चेक करिये,check signal strength v2
network coverage issue,नेटवर्क कव्हरेज इशू,नेटवर्क कवरेज का इशू,check signal strength v2
what is signal strength on my phone,माझ्या फोनवर सिग्नलची स्ट्रेंगक्थ किती आहे,मेरे फोन पर सिग्नल का स्ट्रेंथ क्या है,check signal strength v2
i have very low signal on my jio number,माझ्या जिओ नंबरवर खूप स्लो सिग्नल येत आहे,मेरे जियो नंबर पर सिग्नल काफी लो है,check signal strength v2
i am not getting any signal,मला सिग्नल मिळत नाही,मुझे कोई सिग्नल नहीं मिल रहा है,check signal strength v2
how good is my network coverage,माझा नेटवर्क कव्हरेज किती चांगला आहे,कितना अच्छा है मेरा नेटवर्क कवरेज,check signal strength v2
check network coverage on my phone,माझ्या फोनवर नेटवर्क कव्हरेज चेक करा,मेरे फोन पर नेटवर्क कवरेज चेक कीजिये,check signal strength v2
i am having network issue,मला नेटवर्क इशू येत आहे,मेरे नेटवर्क में इशू आ रहा है,check signal strength v2
issue with network what do i do,नेटवर्कसह इशू आहे मी काय कर,नेटवर्क में इशू है मैं क्या करूँ,check signal strength v2
my jio signal stength,माझा जिओ सिग्नलचा स्ट्रेंगक्थ,मेरे जियो सिग्नल का स्ट्रेंथ,check signal strength v2
signal is very bad,सिग्नल खूप खराब आहे,सिग्नल बहुत ख़राब है,check signal strength v2
am i in low signal area,मी कमी सिग्नल एरियामद्ये आहे का,क्या मैं लो सिग्नल एरिया में हूं,check signal strength v2
check my phone coverage,माझा फोन कव्हरेज चेक करा,मेरा फोन का कवरेज देखें,check signal strength v2
i have poor coverage,माझा कव्हरेज पुअर आहे,मेरा कवरेज ख़राब है,check signal strength v2
how good is my coverage,माझा कव्हरेज किती चांगला आहे,कितना अच्छा है मेरा कवरेज,check signal strength v2
check my signal power,माझा सिग्नल पावर चेक करा,मेरे सिग्नल का पावर चेक कीजिये,check signal strength v2
my coverage is weak,माझा कव्हरेज वीक आहे,मेरा कवरेज वीक है,check signal strength v2
no network in my mobile,माझ्या मोबाईलमध्ये नेटवर्क नाही,मेरे मोबाइल में नेटवर्क नहीं है,check signal strength v2
network not available,नेटवर्क अवैलबल नाही,नेटवर्क अवेलेबल नहीं है,check signal strength v2
indoor network issue,इन्डोर नेटवर्क इशू,इनडोर नेटवर्क का इशू,check signal strength v2
why there is problem in network today,आज नेटवर्कमध्ये प्रॉब्लेम का आहे,आज नेटवर्क में इतना प्रॉब्लम क्यों है,check signal strength v2
Check Again,पुन्हा चेक करा,फिर से चेक कीजिये,check signal strength v2
i am getting low signal on my mobile,माझ्या मोबाइलवर मला लो सिग्नल येत आहे,मेरे मोबाइल पर लो सिग्नल मिल रहा है,check signal strength v2
my signal is poor,खराब आहेत माझा सिग्नल,मेरा सिग्नल खराब है,check signal strength v2
no signal in my phone,माझ्या फोनमध्ये सिग्नल नाही,मेरे फोन में सिग्नल नहीं है,check signal strength v2
network range issue,नेटवर्क रेंज इशू,नेटवर्क रेंज का इशू,check signal strength v2
check jio network signal,जिओ नेटवर्क सिग्नल चेक करा,जियो नेटवर्क का सिग्नल चेक कीजिये,check signal strength v2
no network last night,काल रात्री नेटवर्क नव्हता,कल रात नेटवर्क नहीं था,check signal strength v2
my coverage is poor,माझा कव्हरेज खराब आहे,मेरा कवरेज खराब है,check signal strength v2
i am not getting signal in jio num,जिओ नंबरवर सिग्नल मिळत नाही मला,मुझे जियो नंबर पर सिग्नल नहीं मिल रहा है,check signal strength v2
check my signal,माझा सिग्नल चेक करा,मेरे सिग्नल चेक कीजिये,check signal strength v2
is my device volte compatible,माझा डिवाइस VoLTE कंपॅटिबल आहे,क्या मेरा डिवाइस VoLTE कम्पेटिबल है,check volte compatibility v1
Check VoLTE compatibility,VoLTE कंपॅटिबिलिटी चेक करा,VoLTE कम्पेटिबिलिटी चेक करें,check volte compatibility v1
How to check if my device is volte compatible,माझा डिवाइस VoLTE कंपॅटिबल आहे असा कसा कळेल,मेरा डिवाइस VoLTE कम्पेटिबल है या नहीं कैसे चेक करेंगे,check volte compatibility v1
check device compatibility,डिवाइस कंपॅटिबिलिटी चेक करा,डिवाइस कम्पेटिबिलिटी को चेक कीजिये,check volte compatibility v1
is my mobile compatible with volte,माझा मोबाइल VoLTE बरोबर कंपॅटिबल आहे का,क्या मेरा मोबाइल VoLTE के साथ कम्पेटिबल है,check volte compatibility v1
is my phone volte compatible,माझा फोन VoLTE कंपॅटिबल आहे का,क्या मेरा फोन VoLTE कम्पेटिबल है,check volte compatibility v1
will my phone work as a 4g device,माझा फोन ४ जी डिवाइस म्हणून काम करेल का,क्या मेरा फोन ४ जी डिवाइस के जैसा चलेगा,check volte compatibility v1
will my phone work as a true 4g volte enabled device,माझा फोन खरोखर ४ जी VoLTE एनेबल्ड डिवाइस म्हणून काम करेल का,क्या मेरा फोन एक ट्रू ४ जी VoLTE इनेबल्ड डिवाइस जैसा काम करेगा,check volte compatibility v1
am i using lte phone,मी एलटीई फोन वापरतो का,क्या मैं lte फोन यूस  कर रहा हूँ?,check volte compatibility v1
am i using volte mobile,मी VoLTE मोबाइल वापरत आहे का,क्या मैं एक VoLTE मोबाइल यूस कर रहा हूँ,check volte compatibility v1
does my phone support volte,माझा फोन VoLTE सपोर्ट करतो का,क्या मेरा फोन VoLTE का सपोर्ट करता है,check volte compatibility v1
how to check that my phone is volte or not,माझा फोन VoLTE आहे की नाही हे कसे चेक करायचे,कैसे चेक किया जाये यदि मेरा फोन VoLTE है या नहीं,check volte compatibility v1
Check Again,पुन्हा चेक करा,फिर से चेक करें,check volte compatibility v1
check wifi connection,वायफायचा कनेक्शन चेक करा,वाईफाई कनेक्शन चेक कीजिये,check wifi connection v1
is my phone connected to wifi,माझा फोन वायफायशी कनेक्टिड आहे का,क्या मेरा फोन वाईफाई से कनेक्टिड है,check wifi connection v1
check my wifi connection,माझा वायफाय कनेक्शन चेक करा,मेरा वाईफाई कनेक्शन को चेक करें,check wifi connection v1
wifi connection check,चेक करा वायफायचा कनेक्शन,वाईफाई कनेक्शन को चेक कीजिये,check wifi connection v1
Check internet connection,इंटरनेटचा कनेक्शन चेक करा,इंटरनेट कनेक्शन को चेक करें,mobile data intro v1
slow internet speed,इंटरनेट स्पीड स्लो आहे,इंटरनेट की स्पीड स्लो है,mobile data intro v1
internet is not working,इंटरनेट काम करत नाही,इंटरनेट नहीं चल रहा है,mobile data intro v1
my internet is slow,माझा इंटरनेट स्लो आहे,मेरा इंटरनेट स्लो है,mobile data intro v1
my internet connection is very slow,माझा इंटरनेट कनेक्शन खूप स्लो आहे,मेरा इंटरनेट कनेक्शन बहुत ही स्लो है,mobile data intro v1
jio connection is very slow,जिओचा कनेक्शन खूप स्लो आहे,जियो कनेक्शन बहुत ही स्लो है,mobile data intro v1
unable to use my internet,इंटरनेट यूज़ करता होत नाही,मेरे इंटरनेट यूज़ नहीं कर पा रहा हूँ,mobile data intro v1
i cannot connect to the internet,मी इंटरनेटशी कनेक्ट होऊ शकत नाही,मैं इंटरनेट से कनेक्ट नहीं कर पा रहा,mobile data intro v1
I am facing internet connectivity issues,मला इंटरनेट कनेक्टिविटी इशूस येत आहे,मुझे इंटरनेट कनेक्टिविटी के इश्यूज मिल रहे हैं,mobile data intro v1
unable to connect to the internet,इंटरनेटशी कनेक्ट होत नाही,इंटरनेट से कनेक्ट होने में असफल,mobile data intro v1
jio internet issues,जिओ इंटरनेटचे इशूस,जियो इंटरनेट के इश्यूज,mobile data intro v1
Why my Jio data is not working?,माझा जिओ डेटा का काम करत नाही,मेरा जियो डेटा क्यों काम नहीं कर रहा है?,mobile data intro v1
I dont have jio internet coverage,माझ्याकडे जिओ इंटरनेट कव्हरेज नाही,मेरे पास जियो इंटरनेट कवरेज नहीं है,mobile data intro v1
internet problem,इंटरनेटचा प्रॉब्लेम,इंटरनेट प्रॉब्लम,mobile data intro v1
experiencing slow internet,स्लोव इंटरनेटचा एक्सपेरियन्स हात आहे,इंटरनेट स्लो है,mobile data intro v1
slow data,स्लो डेटा,स्लो डेटा,mobile data intro v1
my data is slow,माझा डेटा स्लो आहे,मेरा डेटा स्लो है,mobile data intro v1
mobile internet is very slow today,मोबाइलचा इंटरनेट खूपच स्लो आहे आज,मोबाइल का इंटरनेट बहुत स्लो है आज,mobile data intro v1
What should i do if my internet is not working,मी काय करू जर माझे इंटरनेट काम करत नसेल तर,मुझे क्या करना चाहिए अगर मेरा इंटरनेट काम नहीं कर रहा हो तो?,mobile data intro v1
data connection in this mobile is bad,या मोबाइलमद्ये  डेटा कनेक्शन खराब आहे,डेटा कनेक्शन इस मोबाइल पर खराब है,mobile data intro v1
facing issue with loading speed on smart phone,स्मार्ट फोनवर लोडिंग स्पीडसह इशू येत आहे,स्मार्ट फोन पर लोडिंग स्पीड का इशू रहा है,mobile data intro v1
poor internet speed,खराब इंटरनेटची स्पीड,खराब इंटरनेट की स्पीड,mobile data intro v1
please resolve my issue regarding internet speed,इंटरनेट स्पीडबद्दल माझा इशू सॉल्व करा,इंटरनेट स्पीड का इशू प्लीज साल्व करें,mobile data intro v1
internet connection too slow,इंटरनेट कनेक्शन खूप स्लो आहे,इंटरनेट कनेक्शन बहुत स्लो है,mobile data intro v1
i am facing data speed problems,मला डेटा स्पीडचे प्रॉब्लेम्स येत आहे,डेटा स्पीड में मैं प्रॉब्लम फेस कर रहा हूँ,mobile data intro v1
why my net is slow,माझा नेट का स्लो आहे,मेरा नेट क्यों स्लो है,mobile data intro v1
having slow internet problem,स्लो इंटरनेट प्रॉब्लेम येत आहे,स्लो इंटरनेट का प्रॉब्लम है,mobile data intro v1
please solve the speed issue,प्लीज़ स्पीड इशू सॉल्व करा,स्पीड इशू को प्लीज सोल्वे कीजिये,mobile data intro v1
very bad net speed,खूप खराब नेटची स्पीड,नेट स्पीड बहुत ख़राब है,mobile data intro v1
signal is ok but speed is very slow,सिग्नल ठीक आहे पण स्पीड खूपच स्लो आहे,सिग्नल ठीक है लेकिन स्पीड बहुत स्लो है,mobile data intro v1
poor performance of jio internet,जीओ इंटरनेटचा खराब परफॉर्मन्स,जियो इंटरनेट का ख़राब परफॉरमेंस है,mobile data intro v1
net connectivity is very slow in downloading movies,मूवीज़ डाउनलोड करताना नेट कनेक्टिविटी खूप स्लो आहे,नेट कनेक्टिविटी बहुत स्लो है मूवीज डाउनलोड करते समय,mobile data intro v1
myjio data is crawling,माझा जिओ डेटा ले स्लो आहे,माय जियो डेटा बहुत ही स्लो है,mobile data intro v1
my internet speed is slow what can i do,माझा इंटरनेट स्पीड स्लो आहे मी काय करू शकतो,मेरी इंटरनेट की स्पीड स्लो है मैं क्या कर सकता हूँ,mobile data intro v1
my data is not fast,माझा डेटा फास्ट नाही,मेरा डेटा फ़ास्ट नहीं है,mobile data intro v1
mobile data is not too good,मोबाइल डेटा इतका चांगला नाही आहे,मोबाइल डेटा कुछ ख़ास नहीं है,mobile data intro v1
internet speed is slow,इंटरनेटचा स्पीड स्लो आहे,इंटरनेट की स्पीड स्लो है,mobile data intro v1
internet running slowly,इंटरनेट स्लो चालत आहे,इंटरनेट स्लो चल रहा है,mobile data intro v1
i have data balance in my mobile but i am still not getting fast internet,माझ्या मोबाइलमध्ये डेटा बॅलेन्स आहे तरीही मला फास्ट इंटरनेट मिळत नाही,मेरे मोबाइल में डेटा बैलेंस है लेकिन अभी भी फ़ास्ट इंटरनेट नहीं मिल रहा है,mobile data intro v1
i am using a device and my internet speed is not proper,मी एक डिवाइस यूज़ करतो आणि माझा इंटरनेट स्पीड बरोबर नाही,मैं डिवाइस यूज़ कर रहा हूं पर मेरी इंटरनेट की स्पीड ठीक नहीं है,mobile data intro v1
how can i improve my internet connection,मी माझा इंटरनेट कनेक्शन कसा इम्प्रूव करू शकतो,मैं अपने इंटरनेट कनेक्शन को कैसे इम्प्रूव करूँ,mobile data intro v1
data is very slow,डेटा खूपच स्लो आहे,बहुत स्लो है डेटा,mobile data intro v1
bad experience with jio data speed,जीओ डेटा स्पीडबरोबर खराब एक्सपेरियन्स,जोयो डेटा स्पीड के साथ ख़राब एक्सपीरियंस,mobile data intro v1
always jio sim slow,ऑल्वेज़ जिओ सिम स्लो असतो,जियो सिम हमेशा स्लो है,mobile data intro v1
websites won't load,वेबसाइट लोड होत नाही,वेबसाइट लोड नहीं होता,mobile data intro v1
worst net speed,सर्वात खराब नेटची स्पीड,नेट की स्पीड सबसे खराब,mobile data intro v1
speed of my mobile data is very low nowadays,माझ्या मोबाइल डेटाची स्पीड आजकाल खूपच स्लो आहे,मेरे मोबाइल डेटा की स्पीड आजकल बहुत कम है,mobile data intro v1
fix bad data issue,खराब डेटा इशू फिक्स करा,खराब डेटा के इशू को फिक्स करें,mobile data intro v1
data speed sucks,डेटा स्पीड बेकार आहे,डेटा स्पीड बकवास है,mobile data intro v1
why is net taking forever to load,नेट लोड होण्यासाठी इतका वेळ का घेतो,लोड होने के लिए इतना टाइम क्यों लग रहा है,mobile data intro v1
internet speed sucks on mobile,इंटरनेट स्पीड मोबाइलवर इतका बेकार आहे,मोबाइल पर इंटरनेट की स्पीड बकवास है,mobile data intro v1
slow connection,स्लो कनेक्शन,स्लो कनेक्शन,mobile data intro v1
net problem,नेट प्रॉब्लेम,नेट प्रोबलम,mobile data intro v1
how to troubleshoot my data speed,माझा डेटा स्पीडचा ट्रबल्शूट कसे करावे,मेरे डेटा स्पीड को कैसे ट्रबल्शूट करें,mobile data intro v1
in my area jio speed is too slow how do i resolve that problem,माझ्या एरियामध्ये जीिओ स्पीड खूपच स्लो आहे मी हा प्रॉब्लेम कसा सॉल्व करू,"मेरे एरिया में, जियो की स्पीड बहुत स्लो है। इसे मैं कैसे सॉल्व करूं",mobile data intro v1
my jio speed is very low please solve this issue,माझ्या जीयोचा स्पीड खूप स्लो आहे त्याला प्लीज़ सॉल्व करा,मेरी जियो स्पीड बहुत कम है इस इशू को सॉल्व कीजिये,mobile data intro v1
Internet connection,इंटरनेटचा कनेक्शन,इंटरनेट कनेक्शन,mobile data intro v1
What plans do you have,आपल्याकडे काय प्लॅन्स आहे,आपके पास कोनसे प्लान्स है?,browse plans v1
Show me some plans,मला काही प्लॅन्स दाखवा,मुझे कुछ प्लान्स दिखाएं,browse plans v1
Show voice plans,वॉइस प्लॅन्स दाखवा,वॉइस प्लान्स दिखा दीजिये,browse plans v1
what plan do you offer,आपण कोणता प्लॅन ऑफर करता,आप कोनसा प्लान ऑफर करेंगे,browse plans v1
Do you have any plans to offer,तुमच्याकडे काही प्लॅन्स आहे का दाखवण्यासाठी,आपके पास कोई प्लान्स है क्या,browse plans v1
show calling plans,कॉलिंग प्लॅन्स दाखवा,कॉलिंग प्लान्स दिखाएं,browse plans v1
show data plans,डेटा प्लॅन्स दाखवा,डेटा प्लान्स दिखाएं,browse plans v1
Help me with recharge plans,रीचार्ज प्लॅन्समध्ये मला मदत करा,रिचार्ज प्लान्स दिखा दीजिये,browse plans v1
Browse Plans,प्लॅन्स ब्राउझ करा,ब्राउज़ प्लान्स,browse plans v1
affordable recharge plans,अफॉर्डेबल रिचार्ज प्लॅन्स,अफोर्डेबल रिचार्ज प्लान्स,browse plans v1
I want some budget friendly plans,मला काही बजेट फ्रेंडली प्लॅन्स पाहिजे,मुझे कुछ बजट फ्रेंडली प्लान्स चाहिए,browse plans v1
Please show me latest plan of jio,मला जिओचे लेटेस्ट प्लॅन्स दाखवा प्लीज़,कृपया मुझे जियो की लेटेस्ट प्लान्स दिखा दीजिये,browse plans v1
Do you have any plan offers,आपल्याकडे कोणत्याही प्लॅन्सचे ऑफर आहेत का,क्या आपके पास कोई प्लान के ऑफर्स है,browse plans v1
Show me the list of jio plans,मला जिओ प्लॅन्सचे लिस्ट दाखवा,मुझे जियो प्लान्स के लिस्ट सूची दिखाओ,browse plans v1
jio internet plans,जिओ इंटरनेटचे प्लॅन्स,जियो इंटरनेट प्लान्स,browse plans v1
Take me to data plans,मला डेटा प्लॅन्सवर न्या,मुझे डेटा प्लान्स पर ले चलो,browse plans v1
I want new plans,मला न्यू प्लॅन्स पाहिजे,मुझे नया प्लान चाहिए,browse plans v1
What is the plan for jio mobile,जिओ मोबाइलसाठी काय प्लॅन आहे,क्या प्लान्स है जियो मोबाइल के लिए,browse plans v1
Show voice call plan,वॉइस कॉल प्लॅन्स दाखवा,वॉइस कॉल का प्लान दिखाएं,browse plans v1
jio plan,जिओचा प्लॅन,जियो प्लान,browse plans v1
daily package offers,डेली पॅकेज ऑफर्स,डेली पैकेज ऑफर्स,browse plans v1
show jio plans,जिओचे प्लॅन्स दाखवा,जियो प्लान्स दिखाएं,browse plans v1
get my GB please,कृपया माझा जीबी दाखवा,मुझे जीबी दिखाएं,data usage v1
how much of internet have I used today,मी आज किती इंटरनेट यूज़ केला,मैंने आज कितना इंटरनेट यूज़ किया,data usage v1
how much data have I used today,मी आज किती डेटा यूज़ केला,आज मैंने कितना डेटा यूज़ किया,data usage v1
how much data have I consumed today,मी आज किती डेटा कन्सूम केला आहे,आज मैंने कितना डेटा कंज्यूम किया,data usage v1
check my today data usage,माझा आजचा डेटा यूसेज चेक करा,आज का डेटा यूसेज चेक करो मेरा,data usage v1
how much data used today,आज किती डेटा यूज़ केला,आज कितना डेटा यूज़ हुआ,data usage v1
mobile data for today,आजचा मोबाइल डेटा,आज का मोबाइल डेटा,data usage v1
data usage today,आजचा डेटा यूसेज,आज का डेटा यूसेज,data usage v1
how much data today,आज किती डेटा,कितना डाटा आज,data usage v1
View my data balance,माझा डेटा बॅलेन्स बघा,मेरा डेटा बैलेंस देखो,data usage v1
Check Data Balance,डेटा बॅलेन्स चेक करा,डेटा बैलेंस चेक कीजिये,data usage v1
Can you update me on my data balance,आपण माझ्या डेटा बॅलेन्सवर मला अपडेट करू शकता का,क्या आप मुझे डेटा बैलेंस का अपडेट दे सकते हैं मेरा,data usage v1
Do I have low data balance,माझ्याकडे लो डेटा बॅलेन्स आहे का,क्या मेरा डेटा बैलेंस लो है,data usage v1
Can you update on data balance,तुम्ही डेटा बॅलेन्सवर अपडेट करू शकता का,क्या डेटा बैलेंस का अपडेट दे सकते हो आप,data usage v1
How much data do I have left,माझ्याकडे किती डेटा बॅलेन्स आहे,मेरे पास कितना डेटा बाकी है,data usage v1
Check net balance,नेट बॅलेन्स चेक करा,नेट बैलेंस चेक करें,data usage v1
Do I have enough data balance,माझ्याकडे भरपूर डेटा बॅलेन्स आहे का,मेरे पास डेटा बैलेंस है क्या काफी,data usage v1
How many mb of data are remaining in my sim,माझ्या सिममध्ये किती एमबी डेटा उरलेला आहे,मेरे सिम में कितने mb डेटा बाकी है,data usage v1
How much net is left,किती नेट उरलेला आहे,कितना नेट बाकी है,data usage v1
How much data is still pending,अजूनही किती डेटा पेन्डिंग आहे,कितना डेटा अभी भी पेंडिंग है,data usage v1
How many gb of data are left,किती जीबी डेटा उरलेला आहे,कितने gb का डाटा बचा हुआ है,data usage v1
I want to see my mobile data balance,मला माझा मोबाइल डेटा बॅलेन्स बघायचा आहे,मैं अपने मोबाइल का डेटा बैलेंस देखना चाहूंगा,data usage v1
How much mobile data is remaining,किती मोबाइल डेटा उरलेला आहे,कितना मोबाइल डेटा बाकी है,data usage v1
May I know the data balance please,कृपया मला डेटा बॅलेन्स बद्दल सांगा,"क्या मैं डेटा बैलेंस जान सकता हूँ, प्लीज",data usage v1
My remaning data,माझा रिमैनिंग डेटा,मेरा बचा हुआ डेटा,data usage v1
What is my 4g data balance,माझे ४ जी डेटा बॅलेन्स काय आहे,क्या है मेरा ४ जी डेटा बैलेंस,data usage v1
How can I check that how much gb data is remaining in my net pack,माझ्या नेट पॅकमध्ये किती जीबी डेटा बॅलेन्स उरलेला आहे हे मी कसा चेक करू,मैं कैसे चेक करूँ कि कितना gb डेटा बाकी है मेरे नेट पैक में,data usage v1
remaining mb,रिमैनिंग एमबी,बचा हुआ एमबी,data usage v1
remaining gb,रिमैनिंग जीबी,बचा हुआ जीबी,data usage v1
remaining data,रिमैनिंग डेटा,बचा हुआ डेटा,data usage v1
net data,नेट डेटा,नेट डेटा,data usage v1
net balance,नेट बॅलेन्स,नेट बैलेंस,data usage v1
jio data balance,जिओ डेटाचा बॅलेन्स,जियो डेटा बैलेंस,data usage v1
mobile mb check,मोबाइलचा एमबी चेक करा,एमबी चेक करें मोबाइल का,data usage v1
jio net balance,जिओ नेट बॅलेन्स,जियो नेट बैलेंस,data usage v1
please check my mb balance,माझा एमबी बॅलन्स चेक करा प्लीज़,मेरा एमबी बैलेंस चेक करें प्लीज,data usage v1
available data,अवैलबल डेटा,अवेलेबल डेटा,data usage v1
check mb,एमबी चेक करा,एमबी चेक करें,data usage v1
data enquiry,डेटा एन्क्वाइअरी,डेटा एन्क्वाइअरी,data usage v1
jio mb,जियो एमबी,जियो एमबी,data usage v1
show internet balance,इंटरनेट बॅलन्स दाखवा,इंटरनेट बैलेंस दिखाएं,data usage v1
get me data balance,मला डेटा बॅलन्स आणा,मुझे डेटा बैलेंस चाहिए,data usage v1
What is my bill payment history,माझ्या बिल पेमन्टची हिस्टरी काय आहे,मेरे बिल पेमेंट का हिस्ट्री क्या है,postpaid bill payment  v1
Show me my bill payment history,मला माझी बिल पेमन्टची हिस्टरी दाखवा,मेरे बिल पेमेंट का हिस्ट् दिखाओ मुझे,postpaid bill payment  v1
previous payment details,प्रीवीअस पेमन्टची डिटेल्स,प्रीवियस पेमेंट का हिस्ट्री,postpaid bill payment  v1
Was my previous payment successful,माझा प्रीवीअस पेमन्ट सक्सेस्फूल होतो का,क्या मेरा प्रीवियस पेमेंट सक्सेस्फुल था,postpaid bill payment  v1
I have paid my bills where can i get their details,मी माझे बिल्स भरले आहेत त्यांचे डिटेल्स मला कुठे भेटेल,मैंने अपने बिल्स भरें है तो उसके डिटेल्स मुझे कहाँ मिलेंगे,postpaid bill payment  v1
Show me paid bill details on my jio number,माझ्या जिओ नंबरवर मला पेड बिल डिटेल्स दाखवा,मुझे मेरे जियो नंबर पर भरे हुए बिल के डिटेल्स दिखाएं,postpaid bill payment  v1
view my payment details,माझे पेमन्ट डिटेल्स पहा,मेरे पेमेंट डिटेल्स देखें,postpaid bill payment  v1
Show my bill payment detials,माझे बिल पेमन्ट डिटेल्स दाखवा,मेरे बिल पेमेंट के डिटेल्स दिखाओ मुझे,postpaid bill payment  v1
Get me payment details of my preious bills,माझ्या प्रीवीअस बिलांची पेमन्ट डिटेल्स आणा,मेरे प्रीवियस बिल्स की पेमेंट डिटेल्स दिखा दीजिये मुझे,postpaid bill payment  v1
Show my bill payment details,माझा बिल पेमन्ट डिटेल्स दाखवा,मेरा बिल पेमेंट डिटेल्स दिखा दीजिये,postpaid bill payment  v1
Get me payment details of my previous bills,माझा प्रीवीअस बिल्सचे पेमन्ट डिटेल्स आणा,मुझे मेरे प्रीवियस बिल्स की पेमेंट डिटेल्स दिखाएं,postpaid bill payment  v1
I want to know details of my bill payment,मला माझ्या बिल पेमन्टची डिटेल्स हवी,मैं अपनी बिल पेमेंट की डिटेल्स जानना चाहता हूँ,postpaid bill payment  v1
How can I see payment history page,मी पेमन्ट हिस्टरी पेज कसा पाहू शकतो,मैं पेमेंट हिस्ट्री पेज कैसे देख सकता हूं,postpaid bill payment  v1
I want to see history of my bill payment,मला माझ्या बिल पेमन्टची हिस्टरी बघायची आहे,मैं अपनी बिल पेमेंट की डिटेल्स देखना चाहता हूं,postpaid bill payment  v1
Give me the details of my paid jio bills,माझ्या पेड जिओ बिलांचा डिटेल्स द्या मला,मुझे मेरे भरे हुए जियो बिल्स के डिटेल्स दें,postpaid bill payment  v1
See my last bill,माझा लास्ट बिल बघा,मेरा लास्ट बिल देखिए,postpaid bill payment  v1
whats my recent paid bill,माझा रीसन्ट पेड बिल काय आहे,मेरा रीसेंट भरा हुआ बिल क्या है,postpaid bill payment  v1
show me my old bill date,मला माझी ओल्ड बिल डेट दाखवा,मेरे पुराने बिल का डेट दिखाओ मुझे,postpaid bill payment  v1
recharge history details,रीचार्ज हिस्टरी डिटेल्स,रिचार्ज हिस्ट्री डिटेल्स,prepaid recharge history v1
when was my last recharge,माझा लास्ट रीचार्ज कधी होता,मेरा लास्ट रिचार्ज कब था,prepaid recharge history v1
what was my last recharge date,माझा लास्ट रीचार्ज डेट कोणता होता,मेरा लास्ट रिचार्ज का डेट क्या था,prepaid recharge history v1
can you show my recharge history,आपण माझा रीचार्ज हिस्टरी दाखवू शकता का,मेरा रिचार्ज हिस्ट्री दिखा सकते हो क्या आप,prepaid recharge history v1
i want to find details of my previous recharges,मला माझ्या प्रीवीअस रिचार्जीसचे डिटेल्स शोधायचे आहे,मैं अपने पुराने रिचार्जिस की डिटेल्स ढूँढना चाहता हूं,prepaid recharge history v1
where can i veiw my past recharges,मी माझे पास्ट रिचार्जीस कोठे पाहू शकतो,मैं अपने पुराने रिचार्जिस कहां देख सकता हूं,prepaid recharge history v1
how do i check details of my last recharge,मी माझ्या लास्ट रिचार्जची डिटेल्स कसा चेक करू,मैं अपने पुराने रिचार्ज की डिटेल्स कैसे देखूं,prepaid recharge history v1
when did i last recharge,मी लास्ट रिचार्ज कधी केला,मैंने लास्ट रिचार्ज कब किया था,prepaid recharge history v1
Recharge History,रिचार्ज हिस्टरी,रिचार्ज हिस्ट्री,prepaid recharge history v1
all my recharge details,माझे सगळे रिचार्ज डिटेल्स,मेरे सारे रिचार्ज डिटेल्स,prepaid recharge history v1
Can you please show me my recharge payment history,आपण मला माझा रिचार्ज पेमन्ट हिस्टरी दाखवू शकता का,क्या आप मुझे मेरा रिचार्ज पेमेंट हिस्ट्री दिखा सकते हैं,prepaid recharge history v1
Where can I get details of recharges I have done,मी केलेल्या रिचार्जीसचे डिटेल्स मला कुठे मिळणार,मुझसे किये गए सारे रिचार्ज की डिटेल्स कहाँ मिलेगी,prepaid recharge history v1
From where should I see my last recharge,मी माझा लास्ट रिचार्ज कुठे बघू,मैं अपना लास्ट रिचार्ज कहाँ से देखूं,prepaid recharge history v1
Where will I see my last recharge,मला माझा लास्ट रिचार्ज कुठे दिसेल,मुझे मेरा लास्ट रिचार्ज कहाँ दिखाई देगा,prepaid recharge history v1
recharges I have done till now,आत्तापर्यंत केलेले माझे रिचार्जीस,अब तक के किये गए रिचार्जिस,prepaid recharge history v1
Can I see my recharge payment history,मी माझा रिचार्ज पेमन्ट हिस्टरी बघू शकतो का,क्या देख सकता हूं मैं अपना रिचार्ज पेमेंट हिस्ट्री,prepaid recharge history v1
Give me last six months recharge,मला लास्ट सहा महिन्यांचे केलेले रिचार्जीस द्या,मुझे पिछले छह महीने के रिचार्ज दीजिये,prepaid recharge history v1
When was the last time I did a recharge,मी लास्ट रिचार्ज कधी केला होता,मैंने लास्ट रिचार्ज कब किया था,prepaid recharge history v1
myjio recharge update,माझा जिओ रिचार्ज अपडेट,मेरा जियो रिचार्ज अपडेट,prepaid recharge history v1
give me the details of previous jio recharges,प्रीवीअस जिओ रिचार्जची डिटेल्स द्या मला,प्रीवियस जियो रिचार्जिस के डिटेल्स दें मुझे,prepaid recharge history v1
history of my jio recharge payments,माझ्या जिओ रिचार्ज पेमेंट्सची हिस्टरी,मेरे जियो रिचार्ज पेमेंट्स की हिस्ट्री,prepaid recharge history v1
Whom all have I sent SMS today,कोणाकोणाला मी आज एसएमएस पाठवला आहे,मैंने आज किस किसको एसएमएस भेजा है,sms usage v1
how many sms have i sent from jio number,जिओ नंबरवरून मी किती एसएमएस पाठवले,मैंने कितने एसएमएस भेजे हैं जियो नंबर से,sms usage v1
give me sms usage details,मला एसएमएस यूसेज डिटेल्स द्या,मुझे एसएमएस यूसेज की डिटेल्स दें,sms usage v1
SMS Usage,एसएमएस यूसेज,एसएमएस यूसेज,sms usage v1
Show me details about my sent sms,सेंट एसएमएस बद्दल डिटेल्स दाखवा मला,मुझे मेरे सेंट एसएमएस की डिटेल्स दिखाएं,sms usage v1
text usage of my mobile,माझ्या मोबाइलचा टेक्स्ट यूसेज,मेरे मोबाइल का टेक्स्ट यूसेज,sms usage v1
Check my jio number sms usage,माझ्या जिओ नंबरचा एसएमएस वापर यूसेज चेक करा,मेरे जियो नंबर का एसएमएस यूसेज चेक करें,sms usage v1
Tell me my overall sms usage,माझा ओवरऑल एसएमएस यूसेज सांगा,मुझे मेरा ओवरऑल एसएमएस यूसेज बताएं,sms usage v1
Display my sms usage,माझा एसएमएस यूसेज डिस्प्ले करा,मेरा एसएमएस यूसेज डिस्प्ले करें,sms usage v1
What is my number message usage,माझा नंबर मेसेज यूसेज काय आहे,मेरा नंबर मैसेज यूसेज क्या है,sms usage v1
Check my jionumber sms usage,माझा जिओ नंबरचा एसएमएस यूसेज चेक करा,मेरे जियो नंबर का एसएमएस यूसेज चेक कीजिये,sms usage v1
give me my recent bill,मला माझा रीसन्ट बिल द्या,मुझे मेरा रीसेंट बिल दीजिये,view my bill v1
where would i get my latest bill,मला माझा लेटेस्ट बिल कुठे मिळेल,मुझे मेरा लेटेस्ट बिल कहां मिलेगा,view my bill v1
show current bills,करंट बिल्स दाखवा,करंट बिल दिखाएं,view my bill v1
show my bills,माझे बिल्स दाखवा,मेरे बिल्स दिखाओ,view my bill v1
open bills for me,माझ्यासाठी बिल्स ओपन करा,मेरे बिल्स ओपन करो,view my bill v1
my recent bill,माझा रीसन्ट बिल,मेरा रीसेंट बिल,view my bill v1
my postpaid bill,माझा पोस्टपेड बिल,मेरा पोस्टपेड बिल,view my bill v1
my latest bill,माझा लेटेस्ट बिल,मेरा लेटेस्ट बिल,view my bill v1
Give me updates of my postpaid bills,माझ्या पोस्टपेड बिल्सवर अपडेट द्या मला,मुझे मेरे पोस्टपेड बिल्स का अपडेट दें,view my bill v1
current bills for jio sim,जिओ सिमचे  करंट बिल्स,जियो सिम के करंट बिल्स,view my bill v1
Show me my previous bills,माझा प्रीवीअस बिल्स मला दाखवा,मेरे प्रीवियस बिल्स दिखाओ मुझे,view my bill v1
Where can I check my bill,मी माझा बिल कुठे चेक करू शकतो,मैं अपना बिल कहां चेक कर सकता हूं,view my bill v1
Could you please tell me my bill amount,तुम्ही मला माझा बिलचा अमाऊंट सांगू शकता का,क्या आप मेरे बिल की राशि बता सकते हैं मुझे,view my bill v1
whats my bill status,माझा बिल स्टेटस काय आहे,मेरे बिल की स्टेटस क्या है,view my bill v1
please give me my bill details,मला माझे बिल डिटेल्स द्या प्लीज़,मुझे मेरे बिल की डिटेल्स दे दीजिये प्लीज,view my bill v1
show myjio bills,माझे जिओ बिल्स दाखवा,मायजियो बिल्स दिखाओ,view my bill v1
What is the validity of my plan,माझ्या प्लॅनची वॅलिडिटी काय आहे,मेरी प्लान की वैलिडिटी क्या है,view my plan expiry v2
Do you know when my plan is expiring,माझा प्लॅन कधी एक्स्पायर होत आहे तुम्हांला माहित आहे काय,क्या आप जानते हैं कि मेरा प्लान कब खतम हो रहा है,view my plan expiry v2
View My Plan Expiry,माझी प्लॅनची एक्स्पायरी बघा,मेरे प्लान की एक्सपायरी देखें,view my plan expiry v2
balance expiry date,बॅलन्स एक्स्पायरीची डेट,बैलेंस एक्सपायरी की डेट,view my plan expiry v2
Has my recharge got over,माझा रिचार्ज संपला काय,मेरा रिचार्ज खत्म हो गया है क्या,view my plan expiry v2
how to check net pack validity,नेट पॅक वॅलिडिटी कशी चेक करायची,नेट पैक की वैलिडिटी कैसे चेक करें,view my plan expiry v2
Can you tell me what is the expiration date of my plan,माझ्या प्लॅनची एक्स्पायरी डेट काय आहे ते आपण मला सांगू शकता,क्या आप मुझे बता सकते हैं कि मेरे प्लान की एक्सपायरी डेट क्या है,view my plan expiry v2
Can you show me my plan validity,आपण मला माझी प्लॅनची वॅलिडिटी दाखवू शकता,क्या आप मुझे मेरे प्लान की वैलिडिटी दिखा सकते हैं,view my plan expiry v2
My plan due date,माझ्या प्लॅनचा ड्यू डेट,मेरे प्लान का ड्यू डेट,view my plan expiry v2
validity of current plan,करंट प्लॅनची वॅलिडिटी,करंट प्लान की वैलिडिटी,view my plan expiry v2
plan deactivate date,प्लॅनचा डीऐक्टिवैट डेट,प्लान की डीएक्टिवेशन डेट,view my plan expiry v2
When will my internet package expire,माझा इंटरनेट पॅकेज कधी एक्स्पायर होईल,मेरा इंटरनेट पैकेज कब ख़तम हो जायेगा,view my plan expiry v2
When will my mobile net pack finish,माझ्या मोबाइलचा नेट पॅक केव्हा संपेल,मेरा मोबाइल नेट पैक कब ख़तम होने वाला है,view my plan expiry v2
end date of my jio plan,माझ्या जिओ प्लानचा एन्ड डेट,मेरे जियो प्लान का एन्ड डेट,view my plan expiry v2
When should I do my next recharge,मी माझा नेक्स्ट रिचार्ज कधी करू,मुझे कब करना चाहिए अपना अगला रिचार्ज,view my plan expiry v2
Show the validity date,वॅलिडिटी डेट दाखवा,वैलिडिटी डेट दिखाएं,view my plan expiry v2
What is the expiry date,एक्स्पायरी डेट काय आहे,क्या है एक्सपायरी डेट,view my plan expiry v2
When is my next recharge to be done,माझा नेक्स्ट रिचार्ज कधी करायचा आहे,मेरा अगला रिचार्ज कब होना चाहिए,view my plan expiry v2
When is my plan getting expired,माझा प्लॅन कधी एक्स्पायर होतो,मेरा प्लान कब ख़तम होगा,view my plan expiry v2
validity of my jio plan,माझ्या जिओ प्लॅनची वॅलिडिटी,मेरे जियो प्लान की वैलिडिटी,view my plan expiry v2
how to check jio data validity,जिओ डेटा वॅलिडिटी कशी चेक करायची,जियो डेटा की वैलिडिटी कैसे चेक करें,view my plan expiry v2
when does my plan expire,माझा प्लॅन कधी एक्स्पायर होतोय,मेरा प्लान कब इक्स्पाइअर होगा,view my plan expiry v2
when will my plan end,माझा प्लॅन कधी एन्ड होणार,मेरा प्लान कब एन्ड होगा,view my plan expiry v2
when does my account expire,माझा अकाउंट कधी एक्स्पायर होईल,मेरा अकॉउंट कब इक्स्पाइअर होगा,view my plan expiry v2
what are plans in my jio number,माझ्या जिओ नंबरमध्ये काय प्लॅन्स आहे,मेरे जियो नंबर पर क्या प्लान्स हैं,view my plan v1
view my jio plans,माझा जिओ प्लॅन्स बघा,मेरे जियो प्लान्स देखें,view my plan v1
What plans are there under my account,माझ्या अकाउंटमध्ये काय प्लॅन्स आहेत,मेरे अकाउंट में क्या प्लान्स हैं,view my plan v1
fetch my current plan,माझा करंट प्लॅन फेच करा,मेरा करंट प्लान दिखा दो,view my plan v1
give me details of my plan,मला माझ्या योजनेचा तपशील द्या,मुझे मेरे प्लान की डिटेल्स दे दो,view my plan v1
view my plan,प्लॅन बघा माझा,मेरा प्लान देखें,view my plan v1
my current plan,माझी करंट प्लॅन,मेरा करंट प्लान,view my plan v1
what do you know about my current plan,माझ्या कयूरेंत प्लॅनबद्दल तुम्हाला काय माहित आहे,आप मेरे करंट प्लान के बारे में क्या जानते हैं,view my plan v1
show my voice plan,माझा वॉइस प्लॅन दाखवा,मेरा वॉइस प्लान दिखाओ,view my plan v1
get me details of my plan,माझ्या प्लॅनचा डिटेल्स आणा मला,मेरे प्लान के डिटेल्स लाओ,view my plan v1
What are my plan entitlements,माझ्या प्लॅनचा एंटाइटलमेंट्स काय आहे,मेरे प्लान के एंटाइटलमेंट्स क्या हैं,view my plan v1
Give me information about my current plan,माझ्या करंट प्लॅनबद्द्ल मला इन्फॉर्मैशन द्या,मुझे मेरे करंट प्लान्स के बारे में जानकारी दीजिये,view my plan v1
Fetch my current plan details for me,माझ्या करंट प्लॅनची डिटेल्स आणा माझ्यासाठी,मेरे करंट प्लान की डिटेल्स मेरे लिए फेच करें,view my plan v1
existing jio plan for my account,माझ्या अकाउंटसाठी एग्ज़िस्टिंग जिओ प्लॅन,मेरे अकाउंट के लिए एक्सिस्टिंग जियो प्लान,view my plan v1
List details of my active plan,माझ्या ऐक्टिव प्लॅनची डिटेल्स लिस्ट करा,मेरे एक्टिव प्लान की डिटेल्स को लिस्ट करें,view my plan v1
current status of my jio plans,माझ्या जिओ प्लॅन्सचा करंट स्टेटस,मेरे जियो प्लान का करंट स्टेटस,view my plan v1
Check my present internet plan,माझा प्रेझेन्ट इंटरनेट प्लॅन चेक करा,मेरा प्रेजेंट इंटरनेट प्लान चेक करें,view my plan v1
I wish to know total plans on my account,माझ्या अकाउंटवर टोटल किती प्लॅन्स आहेत मला जाणून द्या,मैं जानना चाहता हूं मेरे अकाउंट पर टोटल कितने प्लान्स हैं,view my plan v1
How is my current plan,माझा करंट प्लॅन कसा आहे,मेरा करंट प्लान कैसा है,view my plan v1
the current plan on my device,माझ्या डिवाइसवरील करंट प्लॅन,मेरे डिवाइस पर करंट प्लान,view my plan v1
Provide me information about my account plans,माझ्या अकाउंट प्लॅन्सबद्दल मला माहिती द्या,मेरी अकाउंट प्लान्स के बारे में जानकारी दें,view my plan v1
Give me full view of my plans,माझ्या प्लॅन्सचा मला पूर्ण व्ह्यू द्या,मुझे मेरे प्लान्स के बारे में पूरी जानकारी दें,view my plan v1
Show me my plans from myjio,मायजिओ मधून मला माझे प्लॅन्स दाखवा,मुझे मायजियो से मेरे प्लान्स दिखाएं,view my plan v1
What is the current plan for my number,माझ्या नंबरसाठी करंट प्लॅन काय आहे,क्या है मेरे नंबर के लिए करंट प्लान,view my plan v1
Need to know about my plans,माझ्या प्लॅन्सबद्दल माहिती असायला हवी,मैं अपने प्लान्स के बारे में जानना चाहता हूँ,view my plan v1
How many plans do I have,माझ्याकडे किती प्लॅन्स आहेत,मेरे पास कितने प्लान्स हैं,view my plan v1
How can I know my latest jio plan,मला माझा लेटेस्ट जिओ प्लॅनबद्दल कशी माहिती मिळेल,मेरा लेटेस्ट जियो प्लान क्या है कैसे जानें,view my plan v1
Try Again,पुन्हा ट्राइ करा,दोबारा कोशिश करें,view my plan v1
show me statement of myjio account,मला मायजिओ अकाउंटचा स्टेटमेंट दाखवा,मेरे मायजियो अकाउंट का स्टेटमेंट दिखा दीजिये,view my statement v1
check my statement,माझा स्टेटमेंट चेक करा,मेरा स्टेटमेंट चेक कीजिये,view my statement v1
get me my account statement,मला माझा अकाउंट स्टेटमेंट आणा,मेरा अकाउंट स्टेटमेंट लाएं,view my statement v1
show me overview of my statement,माझ्या स्टेटमेंटचा मला ओवर्व्यू दाखवा,मेरे स्टेटमेंट का ओवरव्यू दिखाएं मुझे,view my statement v1
i would like to see my statement for this month,मला या महिन्याचा स्टेटमेंट पाहायचा आहे,मैं अपना स्टेटमेंट देखना चाहूंगा इस महीने का,view my statement v1
open my statement,माझा स्टेटमेंट ओपन करा,मेरा स्टेटमेंट ओपन कीजिये,view my statement v1
I need my statement for this month,मला या महिन्याचा स्टेटमेंट पाहिजे,मुझे इस महीने का स्टेटमेंट चाहिए,view my statement v1
how to view account statement,कसे पहायचे अकाउंट स्टेटमेंट,अकाउंट स्टेटमेंट कैसे देखें,view my statement v1
generate account statement,अकाउंट स्टेटमेंट जेनरेट करा,अकाउंट स्टेटमेंट जेनरेट करें,view my statement v1
fetch my account statement,अकाउंट स्टेटमेंट फेच करा,मेरा अकाउंट स्टेटमेंट निकालें,view my statement v1
My Statement,माझा स्टेटमेंट,मेरा स्टेटमेंट,view my statement v1
View my Statement,माझा स्टेटमेंट व्ह्यू करा,मेरा स्टेटमेंट देखिये,view my statement v1
Can I look at my voice usage,मी माझा वॉइस यूसेज पाहू शकतो का,क्या मैं अपना वॉइस यूसेज देख सकता हूं,voice usage v2
view my voice call usage,माझा वॉइस कॉल यूसेज बघा,वॉइस कॉल यूसेज देखें,voice usage v2
show my phone call usage,माझा फोन कॉल यूसेज दाखव,मेरा फोन कॉल यूसेज दिखाएं,voice usage v2
give me usage of voice calls,मला वॉइस कॉलचा यूसेज द्या,मुझे वॉइस कॉल का यूसेज दें,voice usage v2
Voice Usage,वॉइस यूसेज,वॉइस यूसेज,voice usage v2
Display my voice usage,माझा वॉइस यूसेज डिस्प्ले करा,मेरा वॉइस यूसेज डिस्प्ले कीजिये,voice usage v2
More about my voice call usage,माझ्या वॉइस कॉल यूसेजबद्दल अजून माहिती द्या,मेरे वॉइस यूसेज के बारे ज्यादा जानकारी,voice usage v2
jio net usage of my device,माझ्या डिवाइसचा जिओ नेट यूसेज,जियो नेट यूसेज मेरे डिवाइस का,wifi usage v1
view my wifi usage,माझा वायफाय यूसेज बघा,मेरा वाईफाई यूसेज देखें,wifi usage v1
jionet wifi usage,जिओनेट वायफाय यूसेज,जियोनेट वाईफाई का यूसेज,wifi usage v1
what is my jio net data usage,माझा जिओ नेट डेटा यूसेज काय आहे,मेरा जियो नेट डेटा का यूसेज क्या है,wifi usage v1
show wifi usage,वायफाय यूसेज शो करा,वाईफाई यूसेज दिखाएं,wifi usage v1
Display my wifi usage,माझा वायफाय यूसेज डिस्प्ले करा,मेरा वाईफाई यूसेज डिस्प्ले कीजिये,wifi usage v1
What is wifi usage for my number,काय आहे वायफाय यूसेज माझ्या नंबरसाठी,मेरे नंबर पर वाईफाई यूसेज कितना है,wifi usage v1
Activate Roaming on my postpaid connection,माझ्या पोस्टपेड कनेक्शनवर रोमिंग ऐक्टिवैट करा,मेरे पोस्टपेड कनेक्शन पर रोमिंग एक्टिवेट करें,activate ir postpaid connection v1
IR postpaid connection,आयआर पोस्टपेडचा कनेक्शन,आईआर पोस्टपेड कनेक्शन,activate ir postpaid connection v1
International roaming postpaid plan,इंटरनॅशनल रोमिंग पोस्टपेड प्लॅन,इंटरनेशनल रोमिंग पोस्टपेड प्लान,activate ir postpaid connection v1
International roaming postpaid plan activation,इंटरनॅशनल रोमिंग पोस्टपेड प्लॅनचा ऐक्टिवैशन,इंटरनेशनल रोमिंग पोस्टपेड प्लान एक्टिवेशन,activate ir postpaid connection v1
Postpaid Connection,पोस्टपेड कनेक्शन,पोस्टपेड कनेक्शन,activate ir postpaid connection v1
Activate IR for prepaid connection,प्रीपेड कनेक्शनसाठी आयआर ऐक्टिवैट करा,प्रीपेड कनेक्शन के लिए आईआर एक्टिवेट करें,activate ir prepaid connection v1
Activate international roaming for my prepaid connection,माझ्या प्रीपेड कनेक्शनसाठी इंटरनॅशनल रोमिंग ऐक्टिवैट करा,इंटरनेशनल रोमिंग एक्टिवेट करें मेरे प्रीपेड कनेक्शन के लिए,activate ir prepaid connection v1
Activate roaming on my prepaid connection,माझ्या प्रीपेड कनेक्शनवर रोमिंग ऐक्टिवैट करा,रोमिंग एक्टिवेट कीजिये मेरे प्रीपेड कनेक्शन पर,activate ir prepaid connection v1
IR prepaid connection,आयआर प्रीपेड कनेक्शन,आईआर प्रीपेड कनेक्शन,activate ir prepaid connection v1
International roaming prepaid plan,इंटरनॅशनल रोमिंग प्रीपेड प्लॅन,इंटरनेशनल रोमिंग प्रीपेड प्लान,activate ir prepaid connection v1
International roaming prepaid plan activation,इंटरनॅशनल रोमिंग प्रीपेड प्लॅनचा ऐक्टिवैशन,इंटरनेशनल रोमिंग प्रीपेड प्लान एक्टिवेशन,activate ir prepaid connection v1
Prepaid Connection,प्रीपेड कनेक्शन,प्रीपेड कनेक्शन,activate ir prepaid connection v1
Activate international roaming service,इंटरनॅशनल रोमिंग सर्विस ऐक्टिवैट करा,इंटरनेशनल रोमिंग सर्विस एक्टिवेट करें,activate ir service v1
Activate IR Service,ऐक्टिवैट आयआर सर्विस,एक्टिवेट आईआर सर्विस,activate ir service v1
Are there any guidelines to initiate international roaming service on my phone,माझ्या फोनवर इंटरनॅशनल रोमिंग सर्विस सुरू करण्यासाठी काही गाइड्लाइन्स आहेत का,फोन पर इंटरनेशनल रोमिंग सर्विस शुरू करने के लिए कोई गाइडलाइन्स है क्या,activate ir service v1
Please activate international roaming service,इंटरनॅशनल रोमिंग सर्विस ऐक्टिवैट करा,इंटरनेशनल रोमिंग सर्विस एक्टिवेट करें प्लीज,activate ir service v1
How to get started with international roaming service on mobile,इंटरनॅशनल रोमिंग सर्विस मोबाईलवर कशी सुरू करावी,मोबाइल पर इंटरनेशनल रोमिंग सर्विस कैसे शुरू करें,activate ir service v1
How to turn on international roaming on my number,माझ्या नंबरवर इंटरनॅशनल रोमिंग कसा चालू करायचा,इंटरनेशनल रोमिंग कैसे चालू करें मेरे नंबर पर,activate ir service v1
List the steps to start international roaming service on my number,माझ्या नंबरवर इंटरनॅशनल रोमिंग सर्विस सुरू करण्यासाठी स्टेप्स लिस्ट करा,मेरे नंबर पर इंटरनेशनल रोमिंग सर्विस  शुरू करने के स्टेप्स बताएं,activate ir service v1
Suggest me the best approach to get international roaming,इंटरनॅशनल रोमिंगसाठी बेस्ट अप्प्रोच सज्जेस्त करा,कोई ऐसा तरीका बताओ जिससे मैं इंटरनेशनल रोमिंग पा सकूँ,activate ir service v1
Can I start IR on jio number,मी जिओ नंबरवर आयआर सुरू करू शकतो काय,क्या मैं जियो नंबर पर आईआर शुरू कर सकता हूं,activate ir service v1
I need to enable international roaming,मला इंटरनॅशनल रोमिंग एनेबल करायचा आहे,मैं इंटरनेशनल रोमिंग इनेबल करना चाहता हूँ,activate ir service v1
I would like to activate my international roaming plan as I am travelling to france,माझी इंटरनॅशनल रोमिंग प्लॅन ऐक्टिवैट करा कारण मी फ्रान्सला जात आहे,मैं इंटरनेशनल रोमिंग प्लान एक्टिवेट करना चाहूंगा क्योंकि मैं फ्रांस ट्रेवल कर रहा हूं,activate ir service v1
Where can I activate international roaming,कोठे ऐक्टिवैट करू शकतो मी इंटरनॅशनल रोमिंग,मैं इंटरनेशनल रोमिंग कहां एक्टिवेट करवा सकता हूँ,activate ir service v1
Can I activate international roaming in another country,मी इंटरनॅशनल रोमिंग दुसर्‍या देशात ऐक्टिवैट करू शकतो काय,क्या मैं दूसरे देश में इंटरनेशनल रोमिंग एक्टिवेट कर सकता हूं,activate ir service v1
I want to start IR on my jio number,माझ्या जिओ नंबरवर आयआर सुरू करायची आहे मला,मैं आईआर शुरू करना चाहता हूं अपने जियो नंबर पर,activate ir service v1
How to get msg in international roaming,मेसेज कसे मिळवायचे इंटरनॅशनल रोमिंगमध्ये,इंटरनेशनल रोमिंग में मैसेज कैसे पाएं,activate ir service v1
how to activate international roaming on jio number,जिओ नंबरवर इंटरनॅशनल रोमिंग कसे ऐक्टिवैट करायचे,कैसे एक्टिवेट करें इंटरनेशनल रोमिंग जियो नंबर पर,activate ir service v1
can i start international roaming on jio number,मी जिओ नंबरवर इंटरनॅशनल रोमिंग स्टार्ट करू शकतो काय,जियो नंबर पर इंटरनेशनल रोमिंग शुरू कर सकता हूं क्या मैं,activate ir service v1
can i activate international roaming on jio number,मी जिओ नंबरवर इंटरनॅशनल रोमिंग ऐक्टिवैट करू शकतो का,क्या मैं जियो नंबर पर इंटरनेशनल रोमिंग एक्टिवेट कर सकता हूं,activate ir service v1
the best approach to international roaming service,इंटरनॅशनल रोमिंग सर्विससाठी बेस्ट अप्प्रोच,इंटरनेशनल रोमिंग सर्विस का सबसे बेस्ट तरीका,activate ir service v1
how can i activate international roaming for paris on myjionumber,मी पॅरिससाठी इंटरनॅशनल रोमिंग माझ्या जिओ नंबरवर कसा ऐक्टिवैट करू,मैं मायजियोनंबर पर इंटरनेशनल रोमिंग कैसे एक्टिवेट करूँ पेरिस के लिए,activate ir service v1
what is the international roaming activation process,इंटरनॅशनल रोमिंगचा ऐक्टिवैशन प्रोसेस काय आहे,क्या प्रोसेस है इंटरनेशनल रोमिंग एक्टिवेशन का,activate ir service v1
Pay my bill,माझा बिल पे करा,मेरा बिल भरें,pay my bill v1
Can I pay bill for a mobile number,मी एका मोबाईल नंबरसाठी बिल भरू शकतो का,क्या मैं मोबाइल नंबर के लिए बिल भर कर सकता हूं,pay my bill v1
Help me to pay bill for my account in jio,जिओ मध्ये माझ्या अकाउंटचा बिल भरण्यात मला मदत करा,जियो अकाउंट का बिल भरने में मेरी मदद करें,pay my bill v1
pay bill for me,माझ्यासाठी बिल पे करा,मेरे लिए बिल भर दीजिये,pay my bill v1
How can I pay bill for my account,माझ्या अकाउंटसाठी बिल कसे भरायचे,मैं अपने अकाउंट का बिल कैसे भरु,pay my bill v1
how to pay bill for jio number,जिओ नंबरसाठी बिल कसे भरू,जियो नंबर का बिल कैसे भरें,pay my bill v1
Please recharge number,नंबर रिचार्ज करा प्लीज़,नंबर रिचार्ज करें प्लीज,recharge another number v1
recharge number,रिचार्ज नंबर,नंबर रिचार्ज कीजिये,recharge another number v1
Can you please help me out to recharge an account,कृपया आपण अकाउंट रिचार्ज करण्यात माझी मदत करणार का,अकाउंट रिचार्ज करने में आप मेरी मदद करेंगे प्लीज,recharge another number v1
recharge an account,अकाउंट रिचार्ज करा,अकाउंट रिचार्ज करें,recharge another number v1
How do I recharge a number,नंबर कसा रिचार्ज करू मी,मैं नंबर पर कैसे रिचार्ज करूं,recharge another number v1
please recharge a mobile number,प्लीज़ मोबाईल नंबर रिचार्ज करा,मोबाइल नंबर को रिचार्ज करें प्लीज,recharge another number v1
How can I top up on an account,मी अकाउंटवर टॉप अप कसा करू,मैं अकाउंट को कैसे टॉपअप करूँ,recharge another number v1
how can I recharge an account,मी अकाउंट कसे रिचार्ज करू शकतो,मैं कोई अकाउंट को कैसे रिचार्ज करूँ,recharge another number v1
Can you recharge for me,आपण माझ्यासाठी रिचार्ज करू शकता काय,क्या आप मेरा रिचार्ज कर सकते हैं,recharge another number v1
Recharge a Number,नंबर रिचार्ज करा एक,एक नंबर रिचार्ज करें,recharge another number v1
List steps to recharge a mobile number,मोबाईल नंबर रिचार्ज करण्यासाठी स्टेप्स लिस्ट करा,मोबाइल नंबर रिचार्ज करने के स्टेप्स बताएं,recharge another number v1
Recharge a jio number for me,जिओ नंबर रिचार्ज करा माझ्यासाठी,मेरे लिए एक जियो नंबर पर रिचार्ज कीजिये,recharge another number v1
How do I recharge a jio number,मी जिओ नंबर कसा रिचार्ज करू,मैं जियो नंबर को कैसे रिचार्ज करूँ,recharge another number v1
recharge jio mobile number,रिचार्ज जिओ मोबाइल नंबर,रिचार्ज जियो मोबाइल नंबर,recharge another number v1
help me in performing a recharge,रिचार्ज करण्यात मदत करा मला,रिचार्ज करने में मेरी मदद कीजिये,recharge another number v1
I want to do a recharge,रिचार्ज करायचे आहे मला,मुझे एक रिचार्ज करना है,recharge another number v1
Recharge an international roaming plan,इंटरनॅशनल रोमिंग प्लॅनचा रिचार्ज करा,इंटरनेशनल रोमिंग प्लान को रिचार्ज कर दीजिये,recharge an international roaming plan v1
International roaming plan,इंटरनॅशनल रोमिंग प्लॅन,इंटरनेशनल रोमिंग प्लान,recharge an international roaming plan v1
international roaming pack,इंटरनॅशनल रोमिंग पॅक,इंटरनेशनल रोमिंग पैक,recharge an international roaming plan v1
Recharge with an International roaming plan,इंटरनॅशनल रोमिंग प्लॅनसोबत रिचार्ज करा,इंटरनेशनल रोमिंग प्लान के साथ रिचार्ज करें,recharge an international roaming plan v1
Why should I recharge with IR pack,मी आयआर पॅकसोबत रिचार्ज का करू,मैं आईआर पैक के साथ रिचार्ज क्यों करूँ,recharge an international roaming plan v1
I want to avail international roaming on my mobile,माझ्या मोबाईलवर इंटरनॅशनल रोमिंग घ्यायचा आहे मला,मैं अपने मोबाइल पर इंटरनेशनल रोमिंग लेना चाहूंगा,recharge an international roaming plan v1
What are the benefits of IR plan,आयआर प्लॅनचे काय बेनफिट्स आहेत,आईआर प्लान के बेनिफिट्स क्या हैं,recharge an international roaming plan v1
IR pack recharge,आयआर पॅक रिचार्ज,आईआर पैक रिचार्ज,recharge an international roaming plan v1
advantage of international roaming pack,इंटरनॅशनल रोमिंग पॅकचा ऍडवानटेज,इंटरनेशनल रोमिंग पैक के ऐडवांटेजिस,recharge an international roaming plan v1
what are the benefits the international roaming pack,काय बेनफिट्स आहेत इंटरनॅशनल रोमिंग पॅकचे,इंटरनेशनल रोमिंग पैक के क्या बेनिफिट्स हैं,recharge an international roaming plan v1
what are the advantage the international roaming pack,इंटरनॅशनल रोमिंग पॅकचा काय ऍडवानटेज आहे,इंटरनेशनल रोमिंग पैक के ऐडवांटेजिस क्या हैं,recharge an international roaming plan v1
international roaming pack entitlements,इंटरनॅशनल रोमिंग पॅकचे एंटाइटलमेंट्स,इंटरनेशनल रोमिंग पैक के एंटाइटेलमेंट्स,recharge an international roaming plan v1
international roaming pack benefits,इंटरनॅशनल रोमिंग पॅकचे बेनफिट्स,इंटरनेशनल रोमिंग पैक के बेनिफिट्स,recharge an international roaming plan v1
ir pack advantage,आयआर पॅकचा ऍडवानटेज,आईआर पैक का ऐडवांटेज,recharge an international roaming plan v1
benefits of ir pack,आयआर पॅकचे बेनफिट्स,आईआर पैक के बेनिफिट्स,recharge an international roaming plan v1
tell me something about IR,मला आयआर बद्दल काहीतरी सांगा,आईआर के बारे में कुछ बताओ मुझे,recharge an international roaming plan v1
international roaming pack advantages,इंटरनॅशनल रोमिंग पॅकचे ऍडवानटेजिस,इंटरनेशनल रोमिंग पैक के ऐडवांटेजिस,recharge an international roaming plan v1
let me know more about ir plan,मला आयआर प्लॅन बद्दल आणखी माहिती द्या,मुझे आईआर प्लान के बारे में थोड़ा और जानकारी दीजिये,recharge an international roaming plan v1
recharge failed,रिचार्ज फेल झाला,रिचार्ज फ़ैल हुआ,recharge failed v1
My recharge failed,माझा रिचार्ज फेल झाला,रिचार्ज फ़ैल हुआ मेरा,recharge failed v1
my recharge was not successful,माझे रिचार्ज सक्सेस्फूल झाला नाही,मेरा रिचार्ज सक्सेसफुल नहीं था,recharge failed v1
Recharge Failure,रिचार्ज फेल्यर,रिचार्ज फेलियर,recharge failed v1
recharge was unsuccessful,रिचार्ज अनसक्सेस्फूल झाला,रिचार्ज अनसक्सेसफुल रहा,recharge failed v1
I want my money back after failed recharge,मला माझे पैसे परत पाहिजे रिचार्ज फेल झाल्यानंतर,मैं अपना पैसा वापस चाहता हूं क्यूंकि मेरा रिचार्ज फ़ैल हुआ,recharge failed v1
Could you return my recharge money,आपण माझे रिचार्जचे पैसे परत करणार काय,क्या आप मेरा रिचार्ज मनी वापस करेंगे,recharge failed v1
I am unable to recharge my account,माझा अकाउंटचा रिचार्ज करायला होत नाही,मैं अपना अकाउंट रिचार्ज नहीं कर पा रहा हूं,recharge failed v1
My recharge did not complete,माझा रिचार्ज कम्प्लीट झाला नाही,मेरा रिचार्ज कम्पलीट नहीं हुआ,recharge failed v1
What do I do if my recharge fails,माझा रिचार्ज फेल झाल्यावर मी काय करावे,अगर मेरा रिचार्ज फेल हो जाये तो मुझे क्या करना चाहिए?,recharge failed v1
How can I get the money back in case of recharge failure,रिचार्ज फेल झाल्यावर मी पैसे परत कसे मिळवू शकतो,रिचार्ज फेल होने पर मुझे पैसे कैसे वापस मिल सकते हैं,recharge failed v1
recharge not getting accepted,रिचार्ज ऐक्सेप्ट होत नाही,रिचार्ज एक्सेप्ट नहीं हो रहा है,recharge failed v1
Why has my recharge failed,माझा रिचार्ज का फेल झाला,मेरा रिचार्ज फेल क्यों हुआ,recharge failed v1
Please transfer recharge amount back to my account,कृपया रिचार्ज अमाऊंट माझ्या अकाउंटमध्ये परत ट्रान्सफर करा,कृपया रिचार्ज अमाउंट मेरे अकाउंट में वापस ट्रांसफर करें,recharge failed v1
balance empty even after recharge,रिचार्ज करूनही बॅलेन्स एम्प्टी आहे,रिचार्ज के बाद भी बैलेंस खाली है,recharge failed v1
I dont think my recharge was successful,मला वाटत नाही कि माझा रिचार्ज सक्सेस्फूल झाला होता,मुझे नहीं लगता कि मेरा रिचार्ज सक्सेसफुल रहा,recharge failed v1
Return my recharge money,माझा रिचार्ज मनी रिटर्न करा,मेरे रिचार्ज के पैसे वापस कर दीजिये,recharge failed v1
recharge is not reflecting,रिचार्ज रिफ्लेक्ट होत नाही,रिचार्ज रिफ्लेक्ट नहीं कर रहा है,recharge failed v1
recharge is not reflecting.,रिचार्ज दिसत नाही,रिफ्लेक्ट नहीं कर रहा है रिचार्ज,recharge failed v1
Recharge with 4g data voucher,४ जी डेटा वाउचरसोबत रिचार्ज करा,४ जी डेटा वाउचर के साथ रिचार्ज करें,recharge with 4g data voucher v1
4g data booster,४ जी डेटा बूस्टर,४ जी डेटा बूस्टर,recharge with 4g data voucher v1
I want 4g data booster,मला ४ जी डेटा बूस्टर पाहिजे,मुझे ४ जी डेटा बूस्टर चाहिए,recharge with 4g data voucher v1
How do I avail 4g data voucher,मी ४ जी डेटा वाउचरचा कसा घेऊ,मैं ४ जी डेटा वाउचर को कैसे पा सकता हूँ,recharge with 4g data voucher v1
I would like to use my 4g data voucher,मला माझा ४ जी डेटा वाउचर वापरायचा आहे,मैं अपना ४ जी डेटा वाउचर यूज़ करना चाहूंगा,recharge with 4g data voucher v1
Help in recharging with 4g data voucher,४ जी डेटा वाउचरसोबत रिचार्ज करण्यात मदत करा,४ जी डेटा वाउचर रिचार्ज करने में मदद कीजिये,recharge with 4g data voucher v1
Use of 4g data voucher,४ जी डेटा वाउचरचा वापर,४ जी डेटा वाउचर का यूज़,recharge with 4g data voucher v1
Can I recharge with my 4g data voucher,माझ्या 4 जी डेटा वाउचरसह रिचार्ज करू शकतो काय मी,क्या मैं रिचार्ज कर सकता हूं अपने ४ जी डेटा वाउचर के साथ,recharge with 4g data voucher v1
Use 4g data voucher,४ जी डेटा वाउचरचा यूज़,४ जी डेटा वाउचर यूज़ करें,recharge with 4g data voucher v1
4g data voucher recharge,४ जी डेटा वाउचरचा रिचार्ज,४ जी डेटा वाउचर रिचार्ज,recharge with 4g data voucher v1
jio internet pack,जिओ इंटरनेट पॅक,जियो इंटरनेट पैक,recharge with 4g data voucher v1
unlimited data,अन्लिमिटिड डेटा,अनलिमिटेड डेटा,recharge with 4g data voucher v1
what should i do if my daily data balance gets over,माझा डेली डेटा बॅलेन्स संपल्यावर मी काय करू,मुझे क्या करना चाहिए यदि मेरा डेली डेटा बैलेंस ख़तम हो जाये तो,recharge with 4g data voucher v1
extra data,एक्सट्रा डेटा,एक्स्ट्रा डेटा,recharge with 4g data voucher v1
extra mb,एक्सट्रा एमबी,एक्स्ट्रा एमबी,recharge with 4g data voucher v1
data booster,डेटा बूस्टर,डेटा बूस्टर,recharge with 4g data voucher v1
booster plans,बूस्टर प्लम्स,बूस्टर प्लान्स,recharge with 4g data voucher v1
offer net pack,नेट पॅक ऑफर,नेट पैक ऑफर,recharge with 4g data voucher v1
net pack offers prepaid,नेट पॅक ऑफर्स प्रीपेड,नेट पैक प्रीपेड के ऑफर्स,recharge with 4g data voucher v1
net pack offers,नेट पॅक ऑफर्स,नेट पैक ऑफर्स,recharge with 4g data voucher v1
net pack offer my account,माझ्या अकाउंटचा नेट पॅक ऑफर,मेरे अकाउंट के नेट पैक ऑफर,recharge with 4g data voucher v1
jio free net pack offer,जिओ फ्री नेट पॅक ऑफर,जियो फ्री नेट पैक ऑफर,recharge with 4g data voucher v1
net pack offer,नेट पॅक ऑफर,नेट पैक ऑफर,recharge with 4g data voucher v1
how to get jio net pack,कसे मिळवावे जिओ नेट पॅक,जियो नेट पैक को कैसे पा सकते हैं,recharge with 4g data voucher v1
please give internet package for free,कृपया इंटरनेटचा पॅकेज फ्री द्या,इंटरनेट पैकेज फ्री में दे दीजिये,recharge with 4g data voucher v1
jio internet pack free,जिओ इंटरनेट पॅक फ्री,जियो इंटरनेट पैक फ्री,recharge with 4g data voucher v1
internet pack please,इंटरनेट पॅक प्लीज़,इंटरनेट पैक प्लीज,recharge with 4g data voucher v1
i want net pack free,मला नेट पॅक फ्री हवी,मुझे नेट पैक फ्री चाहिए,recharge with 4g data voucher v1
how to get free jio net pack,फ्री जिओ नेट पॅक कसा मिळवावा,फ्री जियो नेट पैक कैसे मिल सकता है,recharge with 4g data voucher v1
give me free net pack,मला फ्री नेट पॅक द्या,मुझे नेट पैक फ्री दे दो,recharge with 4g data voucher v1
get extra net pack,एक्सट्रा नेट पॅक आणा,एक्स्ट्रा नेट पैक पाएं,recharge with 4g data voucher v1
extra net pack,एक्सट्रा नेट पॅक,एक्स्ट्रा नेट पैक,recharge with 4g data voucher v1
best net pack offer,बेस्ट नेट पॅक ऑफर,बेस्ट नेट पैक ऑफर,recharge with 4g data voucher v1
any net pack,कोणताही नेट पॅक,कोई भी नेट पैक,recharge with 4g data voucher v1
4g net pack,४ जी नेट पॅक,४ जी नेट पैक,recharge with 4g data voucher v1
i want my add on pack,मला माझा अ‍ॅड ऑन पॅक पाहिजे,मुझे अपना ऐड ऑन पैक चाहिए,recharge with 4g data voucher v1
i can get add on offers,मला अ‍ॅड ऑन ऑफर्स मिळवू शकता,मुझे ऐड ऑन ऑफर्स मिल सकता है,recharge with 4g data voucher v1
get unlimited data,गेट अन्लिमिटिड डेटा,अनलिमिटेड डेटा पाएं,recharge with 4g data voucher v1
get me net packs,मला नेट पॅक्स मिळवा,मेरे लिए नेट पैक लाएं,recharge with 4g data voucher v1
data plans which are unlimited from jio,डेटा पॅक्स  जे अन्लिमिटिड आहे जिओसाठी,जियो से डेटा प्लान्स जो अनलिमिटेड हों,recharge with 4g data voucher v1
can you tell me about jio data booster plans,आपण मला जिओ डेटा बूस्टर प्लॅन्सबद्दल सांगू शकाल काय,क्या आप मुझे जियो डेटा बूस्टर प्लान्स के बारे में बता सकते हैं,recharge with 4g data voucher v1
can i get unlimited data from jio,मी जिओकडून अन्लिमिटिड डेटा मिळवू शकतो काय,क्या मैं जियो से अनलिमिटेड डेटा पा सकता हूँ,recharge with 4g data voucher v1
booster plans offered by jio,जिओचे बूस्टर प्लॅन्स,बूस्ट प्लान्स देना जियो द्वारा,recharge with 4g data voucher v1
can you suggest high internet pack,आपण हाइ इंटरनेट पॅक सज्जेस्त करू शकता काय,क्या आप हाई इंटरनेट पैक सज्जेस्ट सकते हैं,recharge with 4g data voucher v1
i need more data,मला अजून डेटा पाहिजे,मुझे और डेटा चाहिए,recharge with 4g data voucher v1
add on pack,अ‍ॅड ऑन पॅक,ऐड ऑन पैक,recharge with 4g data voucher v1
i wanna have additional data,मला अडिशनल डेटा हवा आहे,मुझे एडिशनल डेटा चाहिए,recharge with 4g data voucher v1
can i get additional data,मला अडिशनल डेटा मिळू शकेल काय,क्या मुझे एडिशनल डेटा मिल सकता है,recharge with 4g data voucher v1
show me additional data,मला आणखी डेटा दाखवा,मुझे एडिशनल डेटा दिखाएं,recharge with 4g data voucher v1
give me additional data,मला आणखी डेटा द्या,मुझे एडिशनल डेटा दे दो,recharge with 4g data voucher v1
how to get my free data,माझा फ्री डेटा कसा मिळवावा,मेरा फ्री डेटा कैसे पा सकता हूँ,recharge with 4g data voucher v1
how to data boost,डेटा बूस्ट कसा करायचा,डेटा कैसे बूस्ट करें,recharge with 4g data voucher v1
how can i receive my ad on plan,मला माझा अ‍ॅड ऑन प्लॅन कसा मिळेल,मेरा ऐड ऑन को कैसे पा सकता हूं,recharge with 4g data voucher v1
give some data pack,काही डेटा पॅक द्या,कुछ डेटा पैक दे दीजिये,recharge with 4g data voucher v1
give me extra data balance,मला एक्सट्रा डेटा बॅलेन्स द्या,मुझे एक्स्ट्रा डेटा बैलेंस देना,recharge with 4g data voucher v1
unlimited internet plan inquiry,अन्लिमिटिड इंटरनेट प्लॅनची एन्क्वाइअरी,अनलिमिटेड इंटरनेट प्लान की इन्क्वाइअरी,recharge with 4g data voucher v1
show net plan,नेट प्लॅन दाखवा,नेट प्लान दिखाएं,recharge with 4g data voucher v1
show me data plans,मला डेटा प्लॅन्स दाखवा,मुझे डेटा प्लान्स दिखाएं,recharge with 4g data voucher v1
show internet plans,इंटरनेट प्लॅन्स दाखवा,इंटरनेट प्लान्स दिखाएं,recharge with 4g data voucher v1
show internet plan,इंटरनेट प्लॅन दाखवा,इंटरनेट प्लान दिखाओ,recharge with 4g data voucher v1
show data plan,डेटा प्लॅन दाखवा,डेटा प्लान दिखा देना,recharge with 4g data voucher v1
please tell me about jio data plan,प्लीज़ मला जिओ डेटा प्लॅनबद्दल सांगा,मुझे जियो डेटा प्लान के बारे में बताओ प्लीज,recharge with 4g data voucher v1
about internet pack,इंटरनेट पॅक बद्दल,इंटरनेट पैक के बारे में,recharge with 4g data voucher v1
what are the internet plans of jio,जिओ च्या इंटरनेट प्लॅन काय आहेत,क्या है जियो के इंटरनेट प्लान्स,recharge with 4g data voucher v1
4 mb,४ एमबी,४ एमबी,recharge with 4g data voucher v1
2 gb,२ जीबी,२ जीबी,recharge with 4g data voucher v1
i want additional data,मला आणखी डेटा पाहिजे,एडिशनल डेटा चाहिए मुझे,recharge with 4g data voucher v1
jio net pack,जिओ नेट पॅक,जियो नेट पैक,recharge with 4g data voucher v1
internet plans,इंटरनेट प्लॅन्स,इंटरनेट प्लान्स,recharge with 4g data voucher v1
data plan,डेटा प्लॅन,डेटा प्लान,recharge with 4g data voucher v1
Recharge with ISD plan,आयएसडी प्लॅनबरोबर रिचार्ज करा,आईएसडी प्लान के साथ रिचार्ज करें,recharge with isd plan v1
ISD Plans,आयएसडी प्लॅन्स,आईएसडी प्लान्स,recharge with isd plan v1
ISD plan recharge,आयएसडी प्लॅन रिचार्ज,आईएसडी प्लान रिचार्ज,recharge with isd plan v1
I want to recharge my ISD plan,मला माझा आयएसडी प्लॅन रिचार्ज करायची आहे,मुझे आईएसडी प्लान को रिचार्ज करना है,recharge with isd plan v1
I wish to perform ISD plan recharge,माझी इच्छा आहे आयएसडी प्लॅन रिचार्ज करण्याची,मैं आईएसडी प्लान रिचार्ज करना चाहता हूं,recharge with isd plan v1
please recharge my number with isd,कृपया माझा नंबर आयएसडीसह रिचार्ज करा,मेरा नंबर पर आईएसडी रिचार्ज करें,recharge with isd plan v1
Can I recharge my ISD plan,मी माझा आयएसडी प्लॅन रिचार्ज करू शकतो काय,क्या मैं रिचार्ज कर सकता हूं अपने आईएसडी प्लान को,recharge with isd plan v1
Top up with international calling plan,इंटरनॅशनल कॉलिंग प्लॅनसोबत टॉप अप करा,इंटरनेशनल कॉलिंग प्लान के साथ टॉपअप,recharge with isd plan v1
Take me to the ISD recharge page,मला आयएसडी रिचार्ज पेजवर न्या,मुझे आईएसडी रिचार्ज पेज पर ले चलो,recharge with isd plan v1
do you have any international calling pack,आपल्याकडे इंटरनॅशनल कॉलिंग पॅक आहेत का,क्या आपके पास कोई इंटरनेशनल कॉलिंग पैक है,recharge with isd plan v1
recharge with international calling pack,रिचार्ज करा इंटरनॅशनल कॉलिंग पॅकसह,रिचार्ज करें इंटरनेशनल कॉलिंग पैक के साथ,recharge with isd plan v1
international calling packs,इंटरनॅशनल कॉलिंग पॅक,इंटरनेशनल कालिंग पैक्स,recharge with isd plan v1
how to recharge international calling,कसे करावे इंटरनॅशनल कॉलिंग रिचार्ज,इंटरनेशनल कॉलिंग को कैसे रिचार्ज करें,recharge with isd plan v1
what is jios isd postpaid plan,जीआ आयएसडी पोस्टपेड प्लॅन काय आहे,जियो के आईएसडी पोस्टपेड प्लान क्या हैं,recharge with isd plan v1
international pack,इंटरनॅशनल पॅक,इंटरनेशनल पैक,recharge with isd plan v1
isd package,आयएसडी पॅकेज,आईएसडी पैकेज,recharge with isd plan v1
how to activate isd facility,आयएसडी फसिलिटी कशी ऐक्टिवैट करावी,आईएसडी फैसिलिटी को कैसे एक्टिवेट करें,recharge with isd plan v1
recharge international calling pack,इंटरनॅशनल कॉलिंग पॅक रिचार्ज करा,इंटरनेशनल कॉलिंग पैक के साथ रिचार्ज करें,recharge with isd plan v1
i wish to buy the prepaid isd pack,मला प्रीपेड आयएसडी पॅकची खरेदी करायचा आहे,मुझे प्रीपेड आईएसडी पैक खरीदना है,recharge with isd plan v1
international calling plan for jio,जिओसाठी इंटरनॅशनल कॉलिंग प्लॅन,जियो के लिए इंटरनेशनल कॉलिंग प्लान,recharge with isd plan v1
what are jio isd plans,जिओ आयएसडी प्लॅन्स काय आहेत,क्या हैं जियो आईएसडी प्लान्स,recharge with isd plan v1
i would like to know about isd pack,मला जाणून घ्यायचे आहे आयएसडी पॅक बद्दल,मैं आईएसडी पैक के बारे में जानना चाहता हूँ,recharge with isd plan v1
what are the benefits of jio prepaid isd plan,जिओ प्रीपेड आयएसडी प्लॅनचा काय फायदा आहे,जियो प्रीपेड आईएसडी प्लान के बेनिफिट्स क्या हैं,recharge with isd plan v1
isd plan,आयएसडी प्लॅन,आईएसडी प्लान,recharge with isd plan v1
top up with an isd plan,आयएसडी प्लॅनसह टॉप अप करा,आईएसडी प्लान के साथ टॉपअप करें,recharge with isd plan v1
jio international calling plans,इंटरनॅशनल कॉलिंग प्लॅन्स,जियो इंटरनेशनल कॉलिंग प्लान्स,recharge with isd plan v1
international calling service,इंटरनॅशनल कॉलिंग सर्विस,इंटरनेशनल कॉलिंग सर्विस,recharge with isd plan v1